datetime,instrument,industry
2026-09-11,SH688125,机械设备
2026-09-11,SZ002511,美容护理
2026-09-11,SH601966,汽车
2026-09-11,SH688148,电力设备
2026-09-11,SZ301315,计算机
2026-09-11,SH603219,家用电器
2026-09-11,SH601026,基础化工
2026-09-11,SZ001258,公用事业
2026-09-11,SH688365,计算机
2026-09-11,SH605117,电力设备
2026-09-11,SZ002811,建筑装饰
2026-09-11,SZ002264,传媒
2026-09-11,SH688010,电子
2026-09-11,SZ301079,机械设备
2026-09-11,SZ300324,计算机
2026-09-11,SZ300858,基础化工
2026-09-11,SH603290,电子
2026-09-11,SH603988,电力设备
2026-09-11,SZ301153,计算机
2026-09-11,SZ300591,纺织服饰
2026-09-11,SZ301132,电子
2026-09-11,SH600151,汽车
2026-09-11,SH600350,交通运输
2026-09-11,SH601198,非银金融
2026-09-11,SH600822,汽车
2026-09-11,SH600774,医药生物
2026-09-11,SZ001360,机械设备
2026-09-11,SH603960,汽车
2026-09-11,SZ300240,交通运输
2026-09-11,SZ002541,建筑装饰
2026-09-11,SH605500,轻工制造
2026-09-11,BJ920641,家用电器
2026-09-11,SH600513,医药生物
2026-09-11,SZ000586,通信
2026-09-11,SH600897,交通运输
2026-09-11,SZ300733,汽车
2026-09-11,SZ000628,建筑装饰
2026-09-11,SH601991,公用事业
2026-09-11,SH603511,纺织服饰
2026-09-11,SH688218,机械设备
2026-09-11,SZ002549,基础化工
2026-09-11,SH603080,公用事业
2026-09-11,SZ000990,基础化工
2026-09-11,SH688765,医药生物
2026-09-11,SH600757,传媒
2026-09-11,SH603681,基础化工
2026-09-11,SZ002761,建筑装饰
2026-09-11,SZ300086,医药生物
2026-09-11,SZ300264,计算机
2026-09-11,SH688778,电力设备
2026-09-11,SH600262,机械设备
2026-09-11,SZ002156,电子
2026-09-11,SZ300488,机械设备
2026-09-11,SH600410,计算机
2026-09-11,SZ000966,公用事业
2026-09-11,SH600352,基础化工
2026-09-11,SZ002232,计算机
2026-09-11,SH600455,计算机
2026-09-11,SZ301326,电子
2026-09-11,SH605258,电子
2026-09-11,SH603677,家用电器
2026-09-11,SZ002625,国防军工
2026-09-11,SZ001979,房地产
2026-09-11,SH603689,公用事业
2026-09-11,SZ000801,家用电器
2026-09-11,SH603583,机械设备
2026-09-11,SH600329,医药生物
2026-09-11,SZ300660,电力设备
2026-09-11,SZ000977,计算机
2026-09-11,SZ002550,医药生物
2026-09-11,SH603099,社会服务
2026-09-11,SZ000989,医药生物
2026-09-11,SZ300585,汽车
2026-09-11,SZ300743,计算机
2026-09-11,SH605286,机械设备
2026-09-11,SZ002697,商贸零售
2026-09-11,SZ001330,传媒
2026-09-11,SZ301107,机械设备
2026-09-11,SH601228,交通运输
2026-09-11,SH600658,房地产
2026-09-11,SZ300929,环保
2026-09-11,SH600522,通信
2026-09-11,SZ000429,交通运输
2026-09-11,SH600925,煤炭
2026-09-11,SZ300894,家用电器
2026-09-11,SZ002612,纺织服饰
2026-09-11,SZ000009,电力设备
2026-09-11,SH603328,电子
2026-09-11,SZ002513,基础化工
2026-09-11,SZ300801,基础化工
2026-09-11,SH600566,医药生物
2026-09-11,SH688057,环保
2026-09-11,SZ002136,基础化工
2026-09-11,SZ002035,家用电器
2026-09-11,SZ002395,基础化工
2026-09-11,SH601788,非银金融
2026-09-11,SZ300921,通信
2026-09-11,SZ300185,电力设备
2026-09-11,SH600624,医药生物
2026-09-11,SZ002347,机械设备
2026-09-11,SZ002318,钢铁
2026-09-11,SZ300973,食品饮料
2026-09-11,SZ000833,综合
2026-09-11,SZ301049,环保
2026-09-11,SH688573,电力设备
2026-09-11,SZ301258,医药生物
2026-09-11,SH603848,轻工制造
2026-09-11,SZ301128,机械设备
2026-09-11,SZ301448,机械设备
2026-09-11,SZ001318,食品饮料
2026-09-11,SZ300958,环保
2026-09-11,SH600237,电子
2026-09-11,SZ000533,电力设备
2026-09-11,SH688616,电力设备
2026-09-11,SZ300030,医药生物
2026-09-11,SZ301585,基础化工
2026-09-11,SZ002858,社会服务
2026-09-11,SH603232,计算机
2026-09-11,SZ300471,机械设备
2026-09-11,SZ001226,机械设备
2026-09-11,SZ300370,机械设备
2026-09-11,SH600106,交通运输
2026-09-11,SH600137,纺织服饰
2026-09-11,SH600844,基础化工
2026-09-11,SH600726,公用事业
2026-09-11,SH688185,医药生物
2026-09-11,SH601007,社会服务
2026-09-11,SH605499,食品饮料
2026-09-11,SZ000856,机械设备
2026-09-11,SZ300986,建筑装饰
2026-09-11,SZ301662,电力设备
2026-09-11,SZ000630,有色金属
2026-09-11,BJ920039,社会服务
2026-09-11,SZ301357,国防军工
2026-09-11,SH601619,公用事业
2026-09-11,SZ001269,电力设备
2026-09-11,SH688523,国防军工
2026-09-11,SH688981,电子
2026-09-11,SZ002074,电力设备
2026-09-11,SZ002255,电力设备
2026-09-11,BJ920289,电力设备
2026-09-11,SZ300315,传媒
2026-09-11,SZ000837,机械设备
2026-09-11,SZ300100,汽车
2026-09-11,SH601311,电力设备
2026-09-11,SH688244,计算机
2026-09-11,SZ300701,电子
2026-09-11,SH603508,计算机
2026-09-11,SH601611,建筑装饰
2026-09-11,BJ920158,机械设备
2026-09-11,SZ301165,通信
2026-09-11,SZ300021,农林牧渔
2026-09-11,SZ002283,汽车
2026-09-11,BJ920169,机械设备
2026-09-11,SZ300389,电子
2026-09-11,SZ301113,轻工制造
2026-09-11,BJ920670,医药生物
2026-09-11,SZ002729,电子
2026-09-11,SZ300878,医药生物
2026-09-11,SZ002871,机械设备
2026-09-11,SZ300576,电子
2026-09-11,SZ301368,机械设备
2026-09-11,SZ301559,机械设备
2026-09-11,SZ300956,电子
2026-09-11,SZ301600,计算机
2026-09-11,SZ002785,建筑材料
2026-09-11,SZ300381,医药生物
2026-09-11,SZ000544,环保
2026-09-11,SZ002721,纺织服饰
2026-09-11,SH603169,机械设备
2026-09-11,SH688138,电子
2026-09-11,SZ301707,国防军工
2026-09-11,SH688660,电力设备
2026-09-11,SH688328,机械设备
2026-09-11,SZ001270,国防军工
2026-09-11,SH603175,电子
2026-09-11,SZ300534,医药生物
2026-09-11,SH603800,机械设备
2026-09-11,SH600800,石油石化
2026-09-11,SZ301551,传媒
2026-09-11,SH601127,汽车
2026-09-11,SH603808,纺织服饰
2026-09-11,SH688435,计算机
2026-09-11,SH600955,基础化工
2026-09-11,SH603880,医药生物
2026-09-11,SH600208,房地产
2026-09-11,SH601939,银行
2026-09-11,SZ002034,环保
2026-09-11,SH600987,纺织服饰
2026-09-11,SZ300071,传媒
2026-09-11,SH601096,建筑装饰
2026-09-11,SH603183,社会服务
2026-09-11,SH603806,电力设备
2026-09-11,SH600814,商贸零售
2026-09-11,SH603629,电子
2026-09-11,SZ000069,房地产
2026-09-11,SH600707,电子
2026-09-11,SH605188,商贸零售
2026-09-11,SZ002491,通信
2026-09-11,SH600406,电力设备
2026-09-11,SZ300281,机械设备
2026-09-11,SZ300875,国防军工
2026-09-11,SZ300902,机械设备
2026-09-11,SH601598,交通运输
2026-09-11,SH600372,国防军工
2026-09-11,SZ300068,电力设备
2026-09-11,SZ002763,纺织服饰
2026-09-11,SZ301077,基础化工
2026-09-11,SH600027,公用事业
2026-09-11,SH601288,银行
2026-09-11,BJ920370,环保
2026-09-11,SZ301446,机械设备
2026-09-11,SZ300848,基础化工
2026-09-11,SZ301292,电力设备
2026-09-11,SZ002446,国防军工
2026-09-11,SZ300593,电力设备
2026-09-11,SH601606,国防军工
2026-09-11,SZ301598,机械设备
2026-09-11,SZ000663,农林牧渔
2026-09-11,SZ300301,电子
2026-09-11,SZ300735,电子
2026-09-11,SZ002755,医药生物
2026-09-11,SH605020,基础化工
2026-09-11,SZ300545,电子
2026-09-11,SZ002543,家用电器
2026-09-11,SH600794,交通运输
2026-09-11,SH603871,交通运输
2026-09-11,SH600748,房地产
2026-09-11,SZ000682,电力设备
2026-09-11,SZ002364,电力设备
2026-09-11,SZ300839,石油石化
2026-09-11,BJ920185,电力设备
2026-09-11,SZ300224,有色金属
2026-09-11,SH600895,房地产
2026-09-11,SZ002149,有色金属
2026-09-11,SZ300139,有色金属
2026-09-11,SH688201,计算机
2026-09-11,SH600619,家用电器
2026-09-11,SH603893,电子
2026-09-11,SZ000955,纺织服饰
2026-09-11,SH603879,基础化工
2026-09-11,SZ002440,基础化工
2026-09-11,SZ300866,电子
2026-09-11,SH688279,电子
2026-09-11,SH600843,机械设备
2026-09-11,SZ301069,基础化工
2026-09-11,SZ002760,机械设备
2026-09-11,SZ002141,电子
2026-09-11,SH603019,计算机
2026-09-11,SZ300634,计算机
2026-09-11,SZ002643,电子
2026-09-11,SH601456,非银金融
2026-09-11,SZ002055,电子
2026-09-11,SH603679,电子
2026-09-11,SZ301101,轻工制造
2026-09-11,SH688818,国防军工
2026-09-11,SZ300936,电子
2026-09-11,SH603693,公用事业
2026-09-11,SH600268,电力设备
2026-09-11,SH603813,交通运输
2026-09-11,SH603266,汽车
2026-09-11,SH688813,机械设备
2026-09-11,SZ002948,银行
2026-09-11,SH603322,通信
2026-09-11,SZ300741,基础化工
2026-09-11,SZ002466,有色金属
2026-09-11,SH600686,汽车
2026-09-11,SZ301109,环保
2026-09-11,SH688017,机械设备
2026-09-11,SZ002150,电力设备
2026-09-11,SH600416,电力设备
2026-09-11,SZ002821,医药生物
2026-09-11,SZ002085,汽车
2026-09-11,SH600927,非银金融
2026-09-11,SH603660,计算机
2026-09-11,SZ301226,电力设备
2026-09-11,SH601162,非银金融
2026-09-11,SH600598,农林牧渔
2026-09-11,BJ920580,建筑材料
2026-09-11,SH603787,汽车
2026-09-11,SH688220,电子
2026-09-11,SZ002033,社会服务
2026-09-11,SH688671,环保
2026-09-11,SH600050,通信
2026-09-11,SZ002488,汽车
2026-09-11,SZ300187,环保
2026-09-11,SZ300785,传媒
2026-09-11,SH601061,商贸零售
2026-09-11,BJ920856,机械设备
2026-09-11,SZ301039,汽车
2026-09-11,SZ300641,基础化工
2026-09-11,SZ003032,社会服务
2026-09-11,SZ002135,建筑装饰
2026-09-11,SZ002951,电力设备
2026-09-11,BJ920523,电力设备
2026-09-11,SH601328,银行
2026-09-11,SH603536,食品饮料
2026-09-11,BJ920271,汽车
2026-09-11,SZ000567,非银金融
2026-09-11,SH605488,基础化工
2026-09-11,SZ301120,电力设备
2026-09-11,SH600235,轻工制造
2026-09-11,SZ002886,基础化工
2026-09-11,SH600340,房地产
2026-09-11,SZ300522,基础化工
2026-09-11,SZ002526,机械设备
2026-09-11,SH605183,基础化工
2026-09-11,SZ002262,医药生物
2026-09-11,SH688373,医药生物
2026-09-11,SH600497,有色金属
2026-09-11,SZ003010,商贸零售
2026-09-11,SH600104,汽车
2026-09-11,SH600724,房地产
2026-09-11,SZ300052,传媒
2026-09-11,SH601500,汽车
2026-09-11,SZ000037,公用事业
2026-09-11,SH605128,汽车
2026-09-11,SZ002215,农林牧渔
2026-09-11,SZ000590,医药生物
2026-09-11,SZ300313,农林牧渔
2026-09-11,BJ920701,电子
2026-09-11,SH603948,基础化工
2026-09-11,SZ000058,商贸零售
2026-09-11,SZ300812,电子
2026-09-11,SH688348,电力设备
2026-09-11,SZ301115,社会服务
2026-09-11,SZ000951,汽车
2026-09-11,SZ001267,通信
2026-09-11,SZ001238,轻工制造
2026-09-11,SZ301163,电力设备
2026-09-11,SH600199,食品饮料
2026-09-11,SZ002289,电子
2026-09-11,BJ920056,基础化工
2026-09-11,SH600750,医药生物
2026-09-11,SZ300230,基础化工
2026-09-11,SH688343,计算机
2026-09-11,SZ002334,机械设备
2026-09-11,SZ301013,机械设备
2026-09-11,SH601158,环保
2026-09-11,SZ003018,轻工制造
2026-09-11,SH600815,机械设备
2026-09-11,SH603739,基础化工
2026-09-11,SH600939,建筑装饰
2026-09-11,SZ002609,计算机
2026-09-11,SZ002581,医药生物
2026-09-11,SH603585,基础化工
2026-09-11,SH600359,农林牧渔
2026-09-11,SZ000419,商贸零售
2026-09-11,SH600319,基础化工
2026-09-11,SZ300886,基础化工
2026-09-11,SH603345,食品饮料
2026-09-11,SH601398,银行
2026-09-11,SZ002434,汽车
2026-09-11,SH603135,机械设备
2026-09-11,SZ301237,基础化工
2026-09-11,SZ002589,医药生物
2026-09-11,SH600525,电力设备
2026-09-11,SH603977,基础化工
2026-09-11,SH603192,基础化工
2026-09-11,SZ300278,机械设备
2026-09-11,SZ001306,机械设备
2026-09-11,SH600202,机械设备
2026-09-11,BJ920419,农林牧渔
2026-09-11,SZ002723,家用电器
2026-09-11,SH688068,医药生物
2026-09-11,SH688800,电子
2026-09-11,SH603162,交通运输
2026-09-11,BJ920699,家用电器
2026-09-11,SH603959,建筑装饰
2026-09-11,SH605298,机械设备
2026-09-11,SH600303,汽车
2026-09-11,BJ920469,基础化工
2026-09-11,SH600717,交通运输
2026-09-11,SH601390,建筑装饰
2026-09-11,SH601965,汽车
2026-09-11,SZ002793,医药生物
2026-09-11,BJ920392,轻工制造
2026-09-11,SZ000722,公用事业
2026-09-11,SZ001299,公用事业
2026-09-11,SH600610,基础化工
2026-09-11,SZ002363,汽车
2026-09-11,SH600009,交通运输
2026-09-11,SH603083,通信
2026-09-11,SH688403,电子
2026-09-11,SZ300783,食品饮料
2026-09-11,SZ301366,电子
2026-09-11,SZ002493,石油石化
2026-09-11,SZ300148,传媒
2026-09-11,SH603489,电力设备
2026-09-11,SH605567,食品饮料
2026-09-11,SH601933,商贸零售
2026-09-11,SZ000669,公用事业
2026-09-11,SZ002635,电子
2026-09-11,SZ300307,机械设备
2026-09-11,SH600029,交通运输
2026-09-11,SZ300964,电子
2026-09-11,SZ002753,基础化工
2026-09-11,SH600797,计算机
2026-09-11,SZ301207,医药生物
2026-09-11,SH688069,环保
2026-09-11,SH605303,建筑装饰
2026-09-11,BJ920566,医药生物
2026-09-11,SZ000608,房地产
2026-09-11,SZ002939,非银金融
2026-09-11,SZ002145,基础化工
2026-09-11,SH600130,电子
2026-09-11,SZ300420,机械设备
2026-09-11,SZ000869,食品饮料
2026-09-11,SH603949,汽车
2026-09-11,SZ301550,汽车
2026-09-11,SZ002281,通信
2026-09-11,BJ920119,电力设备
2026-09-11,SH688589,电子
2026-09-11,SH688061,电子
2026-09-11,SH600796,环保
2026-09-11,SH603172,基础化工
2026-09-11,BJ920159,基础化工
2026-09-11,SZ002931,机械设备
2026-09-11,SZ002366,电力设备
2026-09-11,BJ920374,通信
2026-09-11,SZ300226,计算机
2026-09-11,SH603826,基础化工
2026-09-11,SZ002298,计算机
2026-09-11,BJ920112,机械设备
2026-09-11,SH603515,家用电器
2026-09-11,SH688332,电子
2026-09-11,SH603877,纺织服饰
2026-09-11,SH688330,电力设备
2026-09-11,BJ920970,农林牧渔
2026-09-11,SZ002836,轻工制造
2026-09-11,SZ301380,通信
2026-09-11,SZ300617,电力设备
2026-09-11,SH688070,国防军工
2026-09-11,SZ301689,机械设备
2026-09-11,SH603279,机械设备
2026-09-11,SH603089,汽车
2026-09-11,SH601200,环保
2026-09-11,SZ002641,建筑材料
2026-09-11,SZ002360,基础化工
2026-09-11,SH600448,纺织服饰
2026-09-11,SZ301122,医药生物
2026-09-11,SZ000762,有色金属
2026-09-11,SH600177,纺织服饰
2026-09-11,SZ300541,计算机
2026-09-11,SH600603,交通运输
2026-09-11,SH603890,电子
2026-09-11,SZ002996,有色金属
2026-09-11,SH603271,有色金属
2026-09-11,SZ300432,电力设备
2026-09-11,SZ002903,机械设备
2026-09-11,SH688336,医药生物
2026-09-11,SZ002649,计算机
2026-09-11,SH603317,食品饮料
2026-09-11,SH688096,环保
2026-09-11,SH688659,基础化工
2026-09-11,SZ000552,煤炭
2026-09-11,SH605003,纺织服饰
2026-09-11,SH600688,石油石化
2026-09-11,BJ920985,电力设备
2026-09-11,SZ000404,家用电器
2026-09-11,SZ002028,电力设备
2026-09-11,SZ002059,社会服务
2026-09-11,SH600654,计算机
2026-09-11,SZ002243,社会服务
2026-09-11,SZ300349,机械设备
2026-09-11,SZ300338,社会服务
2026-09-11,BJ920204,轻工制造
2026-09-11,SH600639,房地产
2026-09-11,SZ300115,电子
2026-09-11,SZ301213,国防军工
2026-09-11,BJ920808,计算机
2026-09-11,SZ000029,房地产
2026-09-11,SZ002407,基础化工
2026-09-11,SZ301022,汽车
2026-09-11,SZ300501,轻工制造
2026-09-11,SZ301310,汽车
2026-09-11,SH600979,公用事业
2026-09-11,SZ301196,基础化工
2026-09-11,SZ002399,医药生物
2026-09-11,SH688360,机械设备
2026-09-11,SH600919,银行
2026-09-11,SZ300189,农林牧渔
2026-09-11,SZ300977,建筑装饰
2026-09-11,SZ000885,环保
2026-09-11,SZ300528,传媒
2026-09-11,SH688143,通信
2026-09-11,SZ002566,医药生物
2026-09-11,SH688702,电子
2026-09-11,SH600867,医药生物
2026-09-11,SZ000900,交通运输
2026-09-11,SH600776,通信
2026-09-11,SH600722,基础化工
2026-09-11,SZ300358,医药生物
2026-09-11,SZ002888,电子
2026-09-11,SZ002213,电子
2026-09-11,SZ000860,食品饮料
2026-09-11,SZ002524,医药生物
2026-09-11,SZ300464,商贸零售
2026-09-11,SH688630,机械设备
2026-09-11,SH688371,电子
2026-09-11,SH603601,建筑材料
2026-09-11,SZ000503,计算机
2026-09-11,SZ001227,银行
2026-09-11,SZ300241,电子
2026-09-11,SZ300054,电子
2026-09-11,SZ002061,建筑装饰
2026-09-11,SZ002453,基础化工
2026-09-11,SZ301503,计算机
2026-09-11,SH601123,钢铁
2026-09-11,SH603920,电子
2026-09-11,SZ002354,传媒
2026-09-11,SZ000056,房地产
2026-09-11,SH688687,医药生物
2026-09-11,SH605388,食品饮料
2026-09-11,BJ920106,汽车
2026-09-11,SH600500,基础化工
2026-09-11,SH600197,食品饮料
2026-09-11,SH688253,医药生物
2026-09-11,SZ300673,农林牧渔
2026-09-11,SH605122,建筑材料
2026-09-11,SZ002772,农林牧渔
2026-09-11,SZ003001,建筑装饰
2026-09-11,SH603341,电子
2026-09-11,SZ002837,机械设备
2026-09-11,SH603303,家用电器
2026-09-11,SZ000938,计算机
2026-09-11,SZ301293,医药生物
2026-09-11,SH600903,公用事业
2026-09-11,SH688001,机械设备
2026-09-11,SZ002815,电子
2026-09-11,SH603200,环保
2026-09-11,SZ002131,机械设备
2026-09-11,BJ920075,轻工制造
2026-09-11,SZ301655,汽车
2026-09-11,SH603399,有色金属
2026-09-11,SZ300888,美容护理
2026-09-11,SZ002725,汽车
2026-09-11,SZ300101,国防军工
2026-09-11,SZ300665,基础化工
2026-09-11,SH688249,电子
2026-09-11,SZ002555,传媒
2026-09-11,SH600571,计算机
2026-09-11,SZ300770,传媒
2026-09-11,SH688779,电力设备
2026-09-11,SZ000100,电子
2026-09-11,SH688170,机械设备
2026-09-11,SZ002957,机械设备
2026-09-11,SH600883,农林牧渔
2026-09-11,SH603391,机械设备
2026-09-11,SZ300165,机械设备
2026-09-11,SZ002129,电力设备
2026-09-11,SZ000881,基础化工
2026-09-11,SH600502,建筑装饰
2026-09-11,SZ300772,电力设备
2026-09-11,SZ002683,基础化工
2026-09-11,BJ920080,机械设备
2026-09-11,SH600116,公用事业
2026-09-11,SZ002121,电力设备
2026-09-11,SH601718,纺织服饰
2026-09-11,SH688133,基础化工
2026-09-11,SZ300272,家用电器
2026-09-11,BJ920183,电子
2026-09-11,SH600057,交通运输
2026-09-11,SH603061,电子
2026-09-11,SH603936,电子
2026-09-11,SZ301487,电力设备
2026-09-11,SH605158,有色金属
2026-09-11,SZ301479,电子
2026-09-11,SZ300781,传媒
2026-09-11,SH601216,基础化工
2026-09-11,BJ920556,电力设备
2026-09-11,SZ300919,电力设备
2026-09-11,SZ002130,电子
2026-09-11,BJ920208,建筑装饰
2026-09-11,SZ301290,医药生物
2026-09-11,SH603180,轻工制造
2026-09-11,SZ002251,商贸零售
2026-09-11,SH600120,非银金融
2026-09-11,SZ000728,非银金融
2026-09-11,SH603369,食品饮料
2026-09-11,SH603336,农林牧渔
2026-09-11,SZ300777,国防军工
2026-09-11,SZ002418,家用电器
2026-09-11,SZ300651,轻工制造
2026-09-11,SH600816,非银金融
2026-09-11,SZ300674,计算机
2026-09-11,BJ920765,轻工制造
2026-09-11,SH600586,建筑材料
2026-09-11,SH688667,汽车
2026-09-11,SH600439,纺织服饰
2026-09-11,SZ300851,机械设备
2026-09-11,SZ002955,电子
2026-09-11,SZ300911,家用电器
2026-09-11,SZ300364,传媒
2026-09-11,SH603400,机械设备
2026-09-11,SH603980,基础化工
2026-09-11,SH603801,轻工制造
2026-09-11,SZ002112,电力设备
2026-09-11,BJ920117,电力设备
2026-09-11,SZ300681,汽车
2026-09-11,SZ301266,电力设备
2026-09-11,SZ002879,电力设备
2026-09-11,SH688063,电力设备
2026-09-11,SH600604,房地产
2026-09-11,SH600523,汽车
2026-09-11,SZ301296,轻工制造
2026-09-11,SH603014,医药生物
2026-09-11,SH600733,汽车
2026-09-11,SH603505,基础化工
2026-09-11,SH688009,机械设备
2026-09-11,SZ002197,计算机
2026-09-11,BJ920799,计算机
2026-09-11,SZ002629,石油石化
2026-09-11,SZ300228,机械设备
2026-09-11,SH603809,汽车
2026-09-11,SZ301678,电子
2026-09-11,SZ300441,机械设备
2026-09-11,SZ300607,机械设备
2026-09-11,SZ301567,电子
2026-09-11,SZ301531,有色金属
2026-09-11,SZ001208,电力设备
2026-09-11,SZ002095,传媒
2026-09-11,SH600223,美容护理
2026-09-11,SZ300092,机械设备
2026-09-11,SZ300615,通信
2026-09-11,SH603052,电子
2026-09-11,SZ300277,计算机
2026-09-11,SZ002532,有色金属
2026-09-11,SZ300438,电力设备
2026-09-11,SZ300449,计算机
2026-09-11,SH600602,计算机
2026-09-11,SZ002656,纺织服饰
2026-09-11,SH688577,机械设备
2026-09-11,SZ301150,电力设备
2026-09-11,SH688388,电力设备
2026-09-11,SH600446,计算机
2026-09-11,SH605005,汽车
2026-09-11,SZ300599,建筑材料
2026-09-11,SH601688,非银金融
2026-09-11,SZ002042,纺织服饰
2026-09-11,SZ301500,环保
2026-09-11,SH600391,国防军工
2026-09-11,SZ002249,电力设备
2026-09-11,SZ300863,汽车
2026-09-11,SH601700,电力设备
2026-09-11,SZ300332,公用事业
2026-09-11,SH600918,非银金融
2026-09-11,SH603606,电力设备
2026-09-11,SH603273,机械设备
2026-09-11,SZ000790,医药生物
2026-09-11,SZ301717,电子
2026-09-11,SH688334,社会服务
2026-09-11,SZ301219,有色金属
2026-09-11,SH605365,家用电器
2026-09-11,SH603418,汽车
2026-09-11,SH601566,纺织服饰
2026-09-11,SZ002401,计算机
2026-09-11,SZ300055,石油石化
2026-09-11,SH603811,医药生物
2026-09-11,BJ920207,计算机
2026-09-11,BJ920533,汽车
2026-09-11,SH603790,基础化工
2026-09-11,SH600399,钢铁
2026-09-11,SZ002241,电子
2026-09-11,BJ920268,医药生物
2026-09-11,SZ002722,机械设备
2026-09-11,SZ000636,电子
2026-09-11,SZ002905,传媒
2026-09-11,SZ301211,医药生物
2026-09-11,BJ920015,基础化工
2026-09-11,SH603759,环保
2026-09-11,SZ002409,电子
2026-09-11,SH688596,机械设备
2026-09-11,SH600682,综合
2026-09-11,BJ920098,基础化工
2026-09-11,SZ300466,机械设备
2026-09-11,SH688789,机械设备
2026-09-11,SZ000619,建筑材料
2026-09-11,SZ300712,建筑装饰
2026-09-11,SZ002106,电子
2026-09-11,SZ002882,电力设备
2026-09-11,SZ301387,电子
2026-09-11,SH688141,电子
2026-09-11,SZ002564,机械设备
2026-09-11,SH600965,农林牧渔
2026-09-11,SZ000509,电子
2026-09-11,SZ300247,家用电器
2026-09-11,SZ000572,汽车
2026-09-11,SZ002177,商贸零售
2026-09-11,SH603185,电力设备
2026-09-11,SH600719,公用事业
2026-09-11,SZ002211,基础化工
2026-09-11,SH600575,公用事业
2026-09-11,SZ301505,建筑装饰
2026-09-11,BJ920706,机械设备
2026-09-11,SH688222,医药生物
2026-09-11,SZ002214,国防军工
2026-09-11,SZ002228,轻工制造
2026-09-11,SH603205,医药生物
2026-09-11,SH600163,公用事业
2026-09-11,SZ300872,计算机
2026-09-11,SZ000501,商贸零售
2026-09-11,SZ301095,计算机
2026-09-11,SH600993,医药生物
2026-09-11,SZ300056,环保
2026-09-11,SH605555,家用电器
2026-09-11,SZ002780,纺织服饰
2026-09-11,SH600192,电力设备
2026-09-11,SZ300590,通信
2026-09-11,SH603998,医药生物
2026-09-11,SZ000088,交通运输
2026-09-11,SH601116,商贸零售
2026-09-11,SH603309,医药生物
2026-09-11,SZ000932,钢铁
2026-09-11,SZ002472,汽车
2026-09-11,SH688607,医药生物
2026-09-11,SH600909,非银金融
2026-09-11,SH603887,计算机
2026-09-11,SH688007,电子
2026-09-11,SH600195,农林牧渔
2026-09-11,SZ002519,国防军工
2026-09-11,SH603386,电子
2026-09-11,SZ300729,轻工制造
2026-09-11,SZ301199,机械设备
2026-09-11,SZ002765,汽车
2026-09-11,SZ003003,轻工制造
2026-09-11,SH603301,医药生物
2026-09-11,SZ301584,医药生物
2026-09-11,SH600901,非银金融
2026-09-11,SH600521,医药生物
2026-09-11,SH600673,综合
2026-09-11,SZ301535,汽车
2026-09-11,SH603529,汽车
2026-09-11,BJ920199,家用电器
2026-09-11,SZ300355,建筑装饰
2026-09-11,SH600889,机械设备
2026-09-11,SZ300654,传媒
2026-09-11,SZ300721,基础化工
2026-09-11,SH601908,公用事业
2026-09-11,SH688816,机械设备
2026-09-11,SZ002875,纺织服饰
2026-09-11,SZ300103,机械设备
2026-09-11,SH600508,煤炭
2026-09-11,SH603680,机械设备
2026-09-11,SZ002557,食品饮料
2026-09-11,SH600573,食品饮料
2026-09-11,SH603139,医药生物
2026-09-11,SZ000828,交通运输
2026-09-11,SH600664,医药生物
2026-09-11,SH688777,机械设备
2026-09-11,SH600529,医药生物
2026-09-11,SH605100,机械设备
2026-09-11,SZ002372,建筑材料
2026-09-11,SH688390,电力设备
2026-09-11,SZ300274,电力设备
2026-09-11,SZ300126,机械设备
2026-09-11,SH600881,综合
2026-09-11,SZ300172,环保
2026-09-11,SH601089,医药生物
2026-09-11,SZ002080,建筑材料
2026-09-11,SH600958,非银金融
2026-09-11,SZ002681,电子
2026-09-11,SH603856,建筑材料
2026-09-11,SH603916,基础化工
2026-09-11,SH600114,机械设备
2026-09-11,SZ301036,基础化工
2026-09-11,SH688570,机械设备
2026-09-11,SH605069,环保
2026-09-11,SH600256,石油石化
2026-09-11,SZ000965,房地产
2026-09-11,SZ301603,机械设备
2026-09-11,SZ301180,电子
2026-09-11,SZ002205,建筑材料
2026-09-11,SZ000737,有色金属
2026-09-11,SZ301489,电子
2026-09-11,SH600016,银行
2026-09-11,SZ300979,纺织服饰
2026-09-11,BJ920212,电子
2026-09-11,SZ002864,医药生物
2026-09-11,SZ002441,电力设备
2026-09-11,SZ002989,建筑装饰
2026-09-11,SH600765,国防军工
2026-09-11,SZ000735,农林牧渔
2026-09-11,SZ301182,计算机
2026-09-11,SH688229,计算机
2026-09-11,SZ002099,医药生物
2026-09-11,SH603131,机械设备
2026-09-11,SZ300413,传媒
2026-09-11,SH603520,医药生物
2026-09-11,SH688317,医药生物
2026-09-11,SZ301234,医药生物
2026-09-11,SH603338,机械设备
2026-09-11,SZ300779,环保
2026-09-11,SZ002449,电子
2026-09-11,SZ000517,房地产
2026-09-11,SH688065,基础化工
2026-09-11,SH688665,机械设备
2026-09-11,SH600060,家用电器
2026-09-11,SH603390,汽车
2026-09-11,SH601798,机械设备
2026-09-11,SZ300913,通信
2026-09-11,SZ300366,计算机
2026-09-11,SZ002328,汽车
2026-09-11,SH601838,银行
2026-09-11,SZ301025,传媒
2026-09-11,SH688825,电子
2026-09-11,SH600376,房地产
2026-09-11,SH605333,汽车
2026-09-11,SH603727,石油石化
2026-09-11,SZ002707,社会服务
2026-09-11,SH688682,国防军工
2026-09-11,SH603557,纺织服饰
2026-09-11,SH600606,房地产
2026-09-11,BJ920855,机械设备
2026-09-11,SZ300748,有色金属
2026-09-11,SZ300696,国防军工
2026-09-11,SH600476,计算机
2026-09-11,SZ301110,商贸零售
2026-09-11,SH600229,传媒
2026-09-11,SZ300760,医药生物
2026-09-11,SH688520,医药生物
2026-09-11,SZ300655,电子
2026-09-11,SH600981,商贸零售
2026-09-11,SH603222,医药生物
2026-09-11,SZ300687,计算机
2026-09-11,SH603286,汽车
2026-09-11,SZ301565,基础化工
2026-09-11,SZ301507,医药生物
2026-09-11,SH600736,房地产
2026-09-11,SZ301587,电力设备
2026-09-11,SH600221,交通运输
2026-09-11,SZ000529,食品饮料
2026-09-11,SH600825,传媒
2026-09-11,SH688608,电子
2026-09-11,SZ300598,计算机
2026-09-11,SH600600,食品饮料
2026-09-11,SZ300212,计算机
2026-09-11,BJ920564,计算机
2026-09-11,SH688627,机械设备
2026-09-11,SH688356,医药生物
2026-09-11,SZ301372,环保
2026-09-11,SZ300505,基础化工
2026-09-11,SH605208,有色金属
2026-09-11,SH688531,机械设备
2026-09-11,SH600444,机械设备
2026-09-11,SZ300649,建筑装饰
2026-09-11,SH603989,电子
2026-09-11,SZ002044,医药生物
2026-09-11,SZ002832,纺织服饰
2026-09-11,SZ002247,建筑材料
2026-09-11,SZ300352,计算机
2026-09-11,SH688108,医药生物
2026-09-11,SZ000157,机械设备
2026-09-11,SZ300702,医药生物
2026-09-11,SH688509,计算机
2026-09-11,SH688203,基础化工
2026-09-11,SZ300789,计算机
2026-09-11,SZ300879,机械设备
2026-09-11,SZ000034,计算机
2026-09-11,SZ002830,建筑装饰
2026-09-11,SZ300006,医药生物
2026-09-11,SZ301157,电力设备
2026-09-11,SZ300013,交通运输
2026-09-11,BJ920091,机械设备
2026-09-11,SH603359,建筑装饰
2026-09-11,SZ300718,机械设备
2026-09-11,SZ002426,电子
2026-09-11,SZ002590,汽车
2026-09-11,SZ002907,医药生物
2026-09-11,SZ300566,电子
2026-09-11,SH688251,计算机
2026-09-11,SH600546,煤炭
2026-09-11,SZ002800,交通运输
2026-09-11,SH600665,房地产
2026-09-11,SZ000060,有色金属
2026-09-11,SH603351,医药生物
2026-09-11,SZ301007,汽车
2026-09-11,SH601179,电力设备
2026-09-11,SH601969,钢铁
2026-09-11,BJ920685,机械设备
2026-09-11,SH688239,国防军工
2026-09-11,SH688248,电力设备
2026-09-11,SZ001369,基础化工
2026-09-11,SH600967,国防军工
2026-09-11,SZ001223,机械设备
2026-09-11,SZ300245,计算机
2026-09-11,SH600182,汽车
2026-09-11,SZ301200,机械设备
2026-09-11,SZ002175,机械设备
2026-09-11,SH603191,电力设备
2026-09-11,SH600615,有色金属
2026-09-11,SZ300952,纺织服饰
2026-09-11,SZ002812,电力设备
2026-09-11,SZ002963,建筑装饰
2026-09-11,SH603027,食品饮料
2026-09-11,SZ000705,医药生物
2026-09-11,SH605198,农林牧渔
2026-09-11,SH600782,钢铁
2026-09-11,SH688238,医药生物
2026-09-11,SH688310,机械设备
2026-09-11,SZ300293,机械设备
2026-09-11,SH600156,纺织服饰
2026-09-11,SH601012,电力设备
2026-09-11,SZ002183,商贸零售
2026-09-11,SZ301097,医药生物
2026-09-11,BJ920371,农林牧渔
2026-09-11,SH600285,医药生物
2026-09-11,SZ002982,农林牧渔
2026-09-11,SH600035,交通运输
2026-09-11,SZ300426,传媒
2026-09-11,SZ300530,电力设备
2026-09-11,SH600020,交通运输
2026-09-11,SH603616,建筑材料
2026-09-11,SZ002622,医药生物
2026-09-11,SH603468,汽车
2026-09-11,SH600346,石油石化
2026-09-11,SZ000875,公用事业
2026-09-11,SZ300965,国防军工
2026-09-11,SZ300123,国防军工
2026-09-11,SH688322,电子
2026-09-11,SZ003005,计算机
2026-09-11,SH603789,机械设备
2026-09-11,SH600731,基础化工
2026-09-11,SZ002535,机械设备
2026-09-11,SZ002478,钢铁
2026-09-11,SH603126,环保
2026-09-11,SH601777,汽车
2026-09-11,SH603376,汽车
2026-09-11,SH600879,国防军工
2026-09-11,SZ002374,轻工制造
2026-09-11,SZ001331,公用事业
2026-09-11,SZ300234,建筑材料
2026-09-11,SH600887,食品饮料
2026-09-11,SH601177,机械设备
2026-09-11,SZ300723,医药生物
2026-09-11,SH603610,轻工制造
2026-09-11,SZ002427,基础化工
2026-09-11,SH603370,电力设备
2026-09-11,SH603895,机械设备
2026-09-11,SH600506,石油石化
2026-09-11,SZ300481,电子
2026-09-11,BJ920489,基础化工
2026-09-11,SH603090,机械设备
2026-09-11,SZ300311,计算机
2026-09-11,SH600871,石油石化
2026-09-11,SH600096,基础化工
2026-09-11,SH603310,基础化工
2026-09-11,SH688080,通信
2026-09-11,SZ002445,机械设备
2026-09-11,SH603013,汽车
2026-09-11,SH601010,商贸零售
2026-09-11,SZ002671,建筑材料
2026-09-11,BJ920425,机械设备
2026-09-11,BJ920751,有色金属
2026-09-11,SH600821,公用事业
2026-09-11,SH603667,机械设备
2026-09-11,SH601369,机械设备
2026-09-11,SZ300926,汽车
2026-09-11,SZ002082,医药生物
2026-09-11,SH600258,社会服务
2026-09-11,SZ000967,环保
2026-09-11,SH600053,非银金融
2026-09-11,SH603065,基础化工
2026-09-11,SZ002679,农林牧渔
2026-09-11,SH601108,非银金融
2026-09-11,SZ000880,机械设备
2026-09-11,SH688455,机械设备
2026-09-11,SH600467,农林牧渔
2026-09-11,BJ920036,计算机
2026-09-11,SH688025,机械设备
2026-09-11,SH601665,银行
2026-09-11,SZ002813,汽车
2026-09-11,SZ002266,环保
2026-09-11,SH603381,电力设备
2026-09-11,SZ000600,公用事业
2026-09-11,SZ300326,医药生物
2026-09-11,SH600935,基础化工
2026-09-11,SZ002322,计算机
2026-09-11,SZ301032,机械设备
2026-09-11,SH688311,国防军工
2026-09-11,SH605339,食品饮料
2026-09-11,SZ301262,传媒
2026-09-11,SZ002714,农林牧渔
2026-09-11,SH603551,家用电器
2026-09-11,SZ001359,基础化工
2026-09-11,SH688663,电力设备
2026-09-11,SH600642,公用事业
2026-09-11,BJ920058,汽车
2026-09-11,SH600490,有色金属
2026-09-11,SZ002660,电子
2026-09-11,BJ920802,环保
2026-09-11,SZ000899,公用事业
2026-09-11,SZ300653,医药生物
2026-09-11,SZ003022,电力设备
2026-09-11,SZ002842,有色金属
2026-09-11,SH603712,国防军工
2026-09-11,SZ002705,家用电器
2026-09-11,SH688181,电子
2026-09-11,SH603559,通信
2026-09-11,SH603073,基础化工
2026-09-11,SH603587,纺织服饰
2026-09-11,SZ000523,综合
2026-09-11,SH603843,建筑装饰
2026-09-11,SZ002536,汽车
2026-09-11,BJ920090,计算机
2026-09-11,SZ300476,电子
2026-09-11,SH688198,医药生物
2026-09-11,SH600519,食品饮料
2026-09-11,SZ300831,电子
2026-09-11,SZ301391,计算机
2026-09-11,SZ000591,公用事业
2026-09-11,SZ000709,钢铁
2026-09-11,SH601918,煤炭
2026-09-11,SH688633,机械设备
2026-09-11,BJ920719,基础化工
2026-09-11,SH605138,纺织服饰
2026-09-11,SZ002667,机械设备
2026-09-11,SZ002786,机械设备
2026-09-11,SZ001335,基础化工
2026-09-11,SZ301331,医药生物
2026-09-11,SH603958,纺织服饰
2026-09-11,SZ000048,农林牧渔
2026-09-11,SZ001287,电子
2026-09-11,SH688466,环保
2026-09-11,SH603687,轻工制造
2026-09-11,SH600327,商贸零售
2026-09-11,SZ000423,医药生物
2026-09-11,SZ002046,机械设备
2026-09-11,SZ300087,农林牧渔
2026-09-11,BJ920284,机械设备
2026-09-11,SZ300842,电力设备
2026-09-11,SZ300450,电力设备
2026-09-11,SZ002019,医药生物
2026-09-11,SH688507,计算机
2026-09-11,SZ001896,公用事业
2026-09-11,SH603109,汽车
2026-09-11,SH605369,医药生物
2026-09-11,SZ300008,国防军工
2026-09-11,SZ300709,电子
2026-09-11,BJ920304,基础化工
2026-09-11,SH600622,房地产
2026-09-11,SZ300896,美容护理
2026-09-11,SH600395,煤炭
2026-09-11,SZ002739,传媒
2026-09-11,SH603922,汽车
2026-09-11,SH603357,建筑装饰
2026-09-11,SZ300716,电力设备
2026-09-11,SZ300749,轻工制造
2026-09-11,SZ002424,医药生物
2026-09-11,SZ000692,公用事业
2026-09-11,SZ300564,建筑装饰
2026-09-11,SH603101,商贸零售
2026-09-11,BJ920019,建筑装饰
2026-09-11,SH603277,机械设备
2026-09-11,SH603289,机械设备
2026-09-11,SZ001312,纺织服饰
2026-09-11,SH600769,环保
2026-09-11,SZ002345,纺织服饰
2026-09-11,SZ300155,计算机
2026-09-11,SZ002731,纺织服饰
2026-09-11,SZ300203,环保
2026-09-11,BJ920932,计算机
2026-09-11,BJ920720,机械设备
2026-09-11,SH600708,房地产
2026-09-11,SZ001399,电子
2026-09-11,SZ300477,电力设备
2026-09-11,SH600128,商贸零售
2026-09-11,SZ002222,电子
2026-09-11,SZ001367,医药生物
2026-09-11,SZ300299,传媒
2026-09-11,SH600969,公用事业
2026-09-11,SH605300,食品饮料
2026-09-11,SH688510,国防军工
2026-09-11,SZ002162,轻工制造
2026-09-11,SH603193,美容护理
2026-09-11,SH605166,基础化工
2026-09-11,SZ301449,社会服务
2026-09-11,SZ001391,交通运输
2026-09-11,SZ002481,农林牧渔
2026-09-11,SZ001358,基础化工
2026-09-11,SZ000949,基础化工
2026-09-11,SH601005,钢铁
2026-09-11,SZ000685,环保
2026-09-11,SZ301099,电子
2026-09-11,SH600072,电力设备
2026-09-11,SH600287,商贸零售
2026-09-11,SH603919,食品饮料
2026-09-11,SZ002611,机械设备
2026-09-11,SH600037,传媒
2026-09-11,SZ300424,国防军工
2026-09-11,SZ002969,轻工制造
2026-09-11,SZ301618,基础化工
2026-09-11,SZ000166,非银金融
2026-09-11,SZ300316,电力设备
2026-09-11,SZ002489,轻工制造
2026-09-11,SH600425,建筑材料
2026-09-11,SZ300396,医药生物
2026-09-11,SZ002672,环保
2026-09-11,BJ920263,环保
2026-09-11,SH603022,轻工制造
2026-09-11,SZ301030,电力设备
2026-09-11,SZ002623,电力设备
2026-09-11,SH605136,商贸零售
2026-09-11,SZ300423,电力设备
2026-09-11,SZ300121,基础化工
2026-09-11,SZ002769,交通运输
2026-09-11,SZ300487,基础化工
2026-09-11,SH688088,计算机
2026-09-11,SH600933,汽车
2026-09-11,SH688545,电子
2026-09-11,SZ301080,医药生物
2026-09-11,SH603861,电力设备
2026-09-11,SZ301630,电子
2026-09-11,SZ000848,食品饮料
2026-09-11,SH688717,电力设备
2026-09-11,SZ002376,计算机
2026-09-11,BJ920476,机械设备
2026-09-11,BJ920344,医药生物
2026-09-11,SZ300236,电子
2026-09-11,SZ000981,汽车
2026-09-11,SH603580,基础化工
2026-09-11,SZ300129,电力设备
2026-09-11,SZ002482,建筑装饰
2026-09-11,SZ300483,公用事业
2026-09-11,SH605255,汽车
2026-09-11,SH603661,轻工制造
2026-09-11,SZ002020,医药生物
2026-09-11,SH601899,有色金属
2026-09-11,SH603380,电子
2026-09-11,SZ301667,汽车
2026-09-11,SZ000797,房地产
2026-09-11,SH600094,房地产
2026-09-11,SZ300625,家用电器
2026-09-11,SH600252,医药生物
2026-09-11,SZ002515,食品饮料
2026-09-11,SH600048,房地产
2026-09-11,SZ300637,基础化工
2026-09-11,SH600438,电力设备
2026-09-11,SZ001210,公用事业
2026-09-11,SH603259,医药生物
2026-09-11,BJ920753,社会服务
2026-09-11,SZ000952,医药生物
2026-09-11,SZ301525,机械设备
2026-09-11,SH688162,机械设备
2026-09-11,SH600802,建筑材料
2026-09-11,SH600031,机械设备
2026-09-11,SH600985,煤炭
2026-09-11,SZ300077,电子
2026-09-11,SH688219,基础化工
2026-09-11,SZ000969,有色金属
2026-09-11,SH603298,机械设备
2026-09-11,SZ300417,机械设备
2026-09-11,SH603788,汽车
2026-09-11,SH688489,计算机
2026-09-11,SZ000913,汽车
2026-09-11,SH603969,机械设备
2026-09-11,SZ000815,计算机
2026-09-11,SH688369,计算机
2026-09-11,SZ301136,建筑装饰
2026-09-11,SH688027,通信
2026-09-11,SZ002038,医药生物
2026-09-11,SZ002890,机械设备
2026-09-11,SH688626,医药生物
2026-09-11,SZ002271,建筑材料
2026-09-11,SZ301075,医药生物
2026-09-11,SZ300328,有色金属
2026-09-11,SZ002317,医药生物
2026-09-11,SH688308,机械设备
2026-09-11,SH688313,通信
2026-09-11,SH605337,食品饮料
2026-09-11,SH603718,医药生物
2026-09-11,SH688709,电子
2026-09-11,SH600403,煤炭
2026-09-11,SH688291,计算机
2026-09-11,SZ300508,计算机
2026-09-11,SZ300826,建筑装饰
2026-09-11,SZ301186,汽车
2026-09-11,SZ000568,食品饮料
2026-09-11,SZ002835,计算机
2026-09-11,SZ300737,建筑材料
2026-09-11,SZ000897,房地产
2026-09-11,SH600056,医药生物
2026-09-11,SZ301029,机械设备
2026-09-11,SZ300518,商贸零售
2026-09-11,SZ002576,电力设备
2026-09-11,BJ920906,汽车
2026-09-11,SH688153,电子
2026-09-11,SZ300595,医药生物
2026-09-11,SH688288,计算机
2026-09-11,BJ920101,机械设备
2026-09-11,BJ920261,基础化工
2026-09-11,SH603665,纺织服饰
2026-09-11,SZ002600,电子
2026-09-11,SZ000782,基础化工
2026-09-11,SZ301397,汽车
2026-09-11,SH600838,商贸零售
2026-09-11,SH603151,农林牧渔
2026-09-11,SZ000410,机械设备
2026-09-11,SZ002862,轻工制造
2026-09-11,SH603237,食品饮料
2026-09-11,SH605001,机械设备
2026-09-11,SZ002654,电子
2026-09-11,SH600487,通信
2026-09-11,SH600742,汽车
2026-09-11,SZ000025,综合
2026-09-11,SZ300253,计算机
2026-09-11,SZ002286,农林牧渔
2026-09-11,SZ301291,电力设备
2026-09-11,SH603612,基础化工
2026-09-11,BJ920026,机械设备
2026-09-11,SZ003002,基础化工
2026-09-11,SZ301333,医药生物
2026-09-11,SZ001289,公用事业
2026-09-11,SZ300769,电力设备
2026-09-11,SZ301345,汽车
2026-09-11,SH603589,食品饮料
2026-09-11,SZ301383,电子
2026-09-11,SH603038,建筑材料
2026-09-11,SH688260,电子
2026-09-11,SZ301046,建筑装饰
2026-09-11,SH688811,有色金属
2026-09-11,SZ000985,石油石化
2026-09-11,SZ300931,机械设备
2026-09-11,SH601139,公用事业
2026-09-11,SZ002616,公用事业
2026-09-11,SH600587,医药生物
2026-09-11,SZ002666,基础化工
2026-09-11,SZ300562,医药生物
2026-09-11,SH603703,电子
2026-09-11,SZ000650,医药生物
2026-09-11,SH688809,电子
2026-09-11,SZ300815,环保
2026-09-11,SZ002230,计算机
2026-09-11,SZ000652,综合
2026-09-11,SZ000822,基础化工
2026-09-11,SZ300898,食品饮料
2026-09-11,SZ002303,轻工制造
2026-09-11,SZ002133,房地产
2026-09-11,SH601828,商贸零售
2026-09-11,SH688566,医药生物
2026-09-11,SZ002200,建筑装饰
2026-09-11,SH603230,传媒
2026-09-11,BJ920422,基础化工
2026-09-11,SH688255,机械设备
2026-09-11,SH600535,医药生物
2026-09-11,SH603628,电力设备
2026-09-11,SZ300286,电力设备
2026-09-11,SH600628,商贸零售
2026-09-11,SH688395,机械设备
2026-09-11,SZ300157,机械设备
2026-09-11,SZ300767,基础化工
2026-09-11,SZ002168,电力设备
2026-09-11,SZ300805,传媒
2026-09-11,SH688561,计算机
2026-09-11,SZ000543,公用事业
2026-09-11,SZ300731,基础化工
2026-09-11,SH601319,非银金融
2026-09-11,SZ002451,电力设备
2026-09-11,SH688580,医药生物
2026-09-11,SH603228,电子
2026-09-11,SZ301170,汽车
2026-09-11,SH605016,基础化工
2026-09-11,SH603110,基础化工
2026-09-11,SZ300780,机械设备
2026-09-11,SZ301666,电子
2026-09-11,SZ002351,电子
2026-09-11,SZ000030,汽车
2026-09-11,SH688820,电子
2026-09-11,SH600702,食品饮料
2026-09-11,SZ001393,电力设备
2026-09-11,BJ920110,电力设备
2026-09-11,SH603658,医药生物
2026-09-11,SZ002960,机械设备
2026-09-11,SH600418,汽车
2026-09-11,SH600316,国防军工
2026-09-11,SZ002936,银行
2026-09-11,SH605577,传媒
2026-09-11,SZ002078,轻工制造
2026-09-11,SH603701,汽车
2026-09-11,SZ000718,房地产
2026-09-11,BJ920703,机械设备
2026-09-11,SH600039,建筑装饰
2026-09-11,SZ000032,建筑装饰
2026-09-11,BJ920837,汽车
2026-09-11,SH603095,机械设备
2026-09-11,SH603334,基础化工
2026-09-11,SZ000011,房地产
2026-09-11,SZ000006,房地产
2026-09-11,SZ002291,传媒
2026-09-11,SZ300034,国防军工
2026-09-11,SH601696,非银金融
2026-09-11,SZ300394,通信
2026-09-11,SH600846,建筑装饰
2026-09-11,SZ002369,电子
2026-09-11,SZ301015,医药生物
2026-09-11,SZ300319,电子
2026-09-11,SZ301006,机械设备
2026-09-11,SH603416,机械设备
2026-09-11,BJ920125,机械设备
2026-09-11,SZ300693,电力设备
2026-09-11,SH688599,电力设备
2026-09-11,SZ301276,纺织服饰
2026-09-11,SZ002583,通信
2026-09-11,SH688071,机械设备
2026-09-11,SZ301169,社会服务
2026-09-11,SZ000598,环保
2026-09-11,SZ002980,电力设备
2026-09-11,SH688719,电力设备
2026-09-11,SH600219,有色金属
2026-09-11,SZ000559,汽车
2026-09-11,SZ001255,基础化工
2026-09-11,SH600690,家用电器
2026-09-11,SZ300238,医药生物
2026-09-11,SZ002845,电子
2026-09-11,SZ002915,基础化工
2026-09-11,SH603733,轻工制造
2026-09-11,SH603168,医药生物
2026-09-11,SZ300080,电力设备
2026-09-11,SH603899,轻工制造
2026-09-11,SZ300158,医药生物
2026-09-11,SH600711,有色金属
2026-09-11,SZ301071,基础化工
2026-09-11,SZ002789,建筑装饰
2026-09-11,SH600211,医药生物
2026-09-11,SZ000799,食品饮料
2026-09-11,SZ300082,基础化工
2026-09-11,SH601137,有色金属
2026-09-11,SZ300627,通信
2026-09-11,BJ920634,有色金属
2026-09-11,SH688118,计算机
2026-09-11,SZ002517,传媒
2026-09-11,SH603269,机械设备
2026-09-11,SZ002615,轻工制造
2026-09-11,SZ300457,电力设备
2026-09-11,SZ002646,食品饮料
2026-09-11,SZ000007,商贸零售
2026-09-11,SZ300485,医药生物
2026-09-11,SZ002370,医药生物
2026-09-11,SH688398,基础化工
2026-09-11,SH688439,国防军工
2026-09-11,SH600959,传媒
2026-09-11,SH688021,汽车
2026-09-11,SZ000761,钢铁
2026-09-11,SZ002052,电力设备
2026-09-11,SZ300555,通信
2026-09-11,SZ000791,公用事业
2026-09-11,SZ300075,计算机
2026-09-11,SH600579,机械设备
2026-09-11,SZ002068,基础化工
2026-09-11,SZ300322,电子
2026-09-11,SH688123,电子
2026-09-11,SH600007,房地产
2026-09-11,SH603261,国防军工
2026-09-11,SZ000065,建筑装饰
2026-09-11,SZ300905,基础化工
2026-09-11,SH605377,轻工制造
2026-09-11,SH603967,交通运输
2026-09-11,BJ920218,轻工制造
2026-09-11,SZ001256,机械设备
2026-09-11,BJ920627,电力设备
2026-09-11,SZ300762,国防军工
2026-09-11,SH688029,医药生物
2026-09-11,SH601669,建筑装饰
2026-09-11,SZ000581,汽车
2026-09-11,SZ002273,电子
2026-09-11,SZ301073,社会服务
2026-09-11,SZ301205,通信
2026-09-11,SZ003037,建筑材料
2026-09-11,SZ301223,轻工制造
2026-09-11,BJ920027,机械设备
2026-09-11,SH688691,电子
2026-09-11,SH688293,医药生物
2026-09-11,SZ301259,环保
2026-09-11,SZ300824,家用电器
2026-09-11,SZ000090,房地产
2026-09-11,SH600160,基础化工
2026-09-11,SZ000895,食品饮料
2026-09-11,SZ002759,电力设备
2026-09-11,SZ002079,电力设备
2026-09-11,SZ300549,机械设备
2026-09-11,SH688030,计算机
2026-09-11,SZ002574,纺织服饰
2026-09-11,SH600798,交通运输
2026-09-11,SZ300597,通信
2026-09-11,SH603000,传媒
2026-09-11,SH600744,公用事业
2026-09-11,SZ300663,计算机
2026-09-11,SH601615,电力设备
2026-09-11,SZ300259,机械设备
2026-09-11,SZ000863,房地产
2026-09-11,SZ002979,机械设备
2026-09-11,SH603329,交通运输
2026-09-11,BJ920402,基础化工
2026-09-11,SH603153,建筑装饰
2026-09-11,SH688205,通信
2026-09-11,SH688168,计算机
2026-09-11,SZ301335,轻工制造
2026-09-11,SZ002695,食品饮料
2026-09-11,SH601233,石油石化
2026-09-11,SH600171,电子
2026-09-11,SH600570,计算机
2026-09-11,SZ300251,传媒
2026-09-11,SZ300041,基础化工
2026-09-11,SH600592,机械设备
2026-09-11,SH688710,医药生物
2026-09-11,SZ300895,计算机
2026-09-11,SH688629,国防军工
2026-09-11,SH688519,电子
2026-09-11,SZ301059,基础化工
2026-09-11,SH601133,建筑装饰
2026-09-11,SZ000922,电力设备
2026-09-11,SZ002462,医药生物
2026-09-11,SH688188,计算机
2026-09-11,SZ002606,电力设备
2026-09-11,SZ301413,机械设备
2026-09-11,SH600179,交通运输
2026-09-11,SH603456,医药生物
2026-09-11,SH688008,电子
2026-09-11,SH600746,基础化工
2026-09-11,SZ301004,轻工制造
2026-09-11,SH600354,农林牧渔
2026-09-11,SZ002998,基础化工
2026-09-11,SH603396,电力设备
2026-09-11,SZ300892,食品饮料
2026-09-11,SZ002309,电力设备
2026-09-11,SH603097,电力设备
2026-09-11,SZ002614,家用电器
2026-09-11,SH603315,环保
2026-09-11,SZ301533,机械设备
2026-09-11,SZ002439,计算机
2026-09-11,SH600585,建筑材料
2026-09-11,SH688048,电子
2026-09-11,SH601628,非银金融
2026-09-11,SZ002026,机械设备
2026-09-11,SZ002816,机械设备
2026-09-11,SH600865,商贸零售
2026-09-11,SZ002386,基础化工
2026-09-11,SZ000908,医药生物
2026-09-11,SZ300347,医药生物
2026-09-11,SH600637,传媒
2026-09-11,BJ920879,机械设备
2026-09-11,SZ002301,轻工制造
2026-09-11,SH688278,医药生物
2026-09-11,SH601898,煤炭
2026-09-11,SH603060,社会服务
2026-09-11,SH603709,轻工制造
2026-09-11,SZ000534,医药生物
2026-09-11,SH688690,医药生物
2026-09-11,SZ300284,建筑装饰
2026-09-11,SH688728,电子
2026-09-11,SH603320,电力设备
2026-09-11,SH601065,基础化工
2026-09-11,BJ920395,机械设备
2026-09-11,SZ300162,电子
2026-09-11,SH600292,公用事业
2026-09-11,SZ002139,电子
2026-09-11,SZ300963,有色金属
2026-09-11,SZ300462,计算机
2026-09-11,SZ000530,机械设备
2026-09-11,SZ300900,国防军工
2026-09-11,SH601877,电力设备
2026-09-11,SZ301035,基础化工
2026-09-11,SZ300183,通信
2026-09-11,SH600246,房地产
2026-09-11,SH603284,轻工制造
2026-09-11,SZ300995,基础化工
2026-09-11,SH603071,公用事业
2026-09-11,SZ000712,非银金融
2026-09-11,SZ002856,建筑装饰
2026-09-11,SH603258,传媒
2026-09-11,BJ920547,医药生物
2026-09-11,SZ002797,非银金融
2026-09-11,SH688184,电力设备
2026-09-11,SH600108,农林牧渔
2026-09-11,SZ300650,电子
2026-09-11,SH688512,电子
2026-09-11,SZ300210,环保
2026-09-11,SH601009,银行
2026-09-11,SZ002067,轻工制造
2026-09-11,SH688602,基础化工
2026-09-11,SZ301516,电力设备
2026-09-11,SZ002544,通信
2026-09-11,SH688586,国防军工
2026-09-11,SH688472,电力设备
2026-09-11,SH600493,纺织服饰
2026-09-11,SH603439,医药生物
2026-09-11,SZ000017,纺织服饰
2026-09-11,SZ002015,公用事业
2026-09-11,SH688657,计算机
2026-09-11,SZ301176,电子
2026-09-11,SZ300032,电子
2026-09-11,SH600793,轻工制造
2026-09-11,SZ002520,机械设备
2026-09-11,SH600740,煤炭
2026-09-11,SZ002338,国防军工
2026-09-11,SZ301017,医药生物
2026-09-11,BJ920781,机械设备
2026-09-11,SZ300757,机械设备
2026-09-11,SZ300691,计算机
2026-09-11,SZ301278,电力设备
2026-09-11,SH603518,纺织服饰
2026-09-11,SH688110,电子
2026-09-11,BJ920790,计算机
2026-09-11,BJ920077,基础化工
2026-09-11,SH600183,电子
2026-09-11,SZ000557,交通运输
2026-09-11,SZ002727,医药生物
2026-09-11,SZ002624,传媒
2026-09-11,SZ300667,机械设备
2026-09-11,SZ300040,公用事业
2026-09-11,SH688172,电子
2026-09-11,SZ301589,计算机
2026-09-11,SH603166,汽车
2026-09-11,SZ300699,国防军工
2026-09-11,BJ920455,机械设备
2026-09-11,SZ301557,电力设备
2026-09-11,SZ300390,电力设备
2026-09-11,SH688383,机械设备
2026-09-11,SH688267,基础化工
2026-09-11,SH600713,医药生物
2026-09-11,SZ002108,基础化工
2026-09-11,SZ002400,传媒
2026-09-11,SZ000933,有色金属
2026-09-11,SZ300612,传媒
2026-09-11,SZ000716,食品饮料
2026-09-11,SZ002596,建筑材料
2026-09-11,SZ301581,汽车
2026-09-11,BJ920953,计算机
2026-09-11,SZ000610,社会服务
2026-09-11,SZ002195,计算机
2026-09-11,SZ301362,家用电器
2026-09-11,BJ920876,电子
2026-09-11,SZ001216,轻工制造
2026-09-11,SZ300018,电力设备
2026-09-11,SZ002054,基础化工
2026-09-11,SZ000793,传媒
2026-09-11,SZ002275,医药生物
2026-09-11,SZ300335,公用事业
2026-09-11,SH603199,社会服务
2026-09-11,SH688758,医药生物
2026-09-11,SZ301203,环保
2026-09-11,SZ301421,电子
2026-09-11,SZ301289,社会服务
2026-09-11,SH600718,计算机
2026-09-11,SH600333,公用事业
2026-09-11,SZ301312,机械设备
2026-09-11,SH600365,商贸零售
2026-09-11,SZ000665,传媒
2026-09-11,SH688420,机械设备
2026-09-11,SZ300756,机械设备
2026-09-11,SZ002115,通信
2026-09-11,SH688329,机械设备
2026-09-11,SZ002746,农林牧渔
2026-09-11,SZ300959,通信
2026-09-11,SZ300787,电子
2026-09-11,SZ002138,电子
2026-09-11,SZ000917,传媒
2026-09-11,SH600556,传媒
2026-09-11,SH603860,建筑装饰
2026-09-11,SH600854,家用电器
2026-09-11,BJ920725,机械设备
2026-09-11,SZ300222,电力设备
2026-09-11,SH605090,公用事业
2026-09-11,SH603363,农林牧渔
2026-09-11,SZ000680,机械设备
2026-09-11,SZ002412,医药生物
2026-09-11,SH603155,基础化工
2026-09-11,SZ002165,基础化工
2026-09-11,BJ920021,传媒
2026-09-11,SZ300496,计算机
2026-09-11,SH603507,电力设备
2026-09-11,SH600975,农林牧渔
2026-09-11,SZ002199,电子
2026-09-11,SZ300257,机械设备
2026-09-11,SZ300141,电力设备
2026-09-11,SH600851,医药生物
2026-09-11,SH601016,公用事业
2026-09-11,SZ300942,医药生物
2026-09-11,SZ300605,计算机
2026-09-11,SH688207,计算机
2026-09-11,BJ920175,基础化工
2026-09-11,SZ301337,计算机
2026-09-11,SZ002736,非银金融
2026-09-11,SZ002826,医药生物
2026-09-11,SH600906,非银金融
2026-09-11,SH601231,电子
2026-09-11,SH600661,社会服务
2026-09-11,SH603698,机械设备
2026-09-11,SZ002191,轻工制造
2026-09-11,SZ301085,计算机
2026-09-11,SH600198,通信
2026-09-11,SZ002539,基础化工
2026-09-11,SZ002992,电子
2026-09-11,SH603822,基础化工
2026-09-11,SZ002790,轻工制造
2026-09-11,SZ300436,医药生物
2026-09-11,SH603088,机械设备
2026-09-11,SZ000998,农林牧渔
2026-09-11,SZ301626,电子
2026-09-11,SH603313,轻工制造
2026-09-11,SZ300752,电子
2026-09-11,SH600989,基础化工
2026-09-11,BJ920679,机械设备
2026-09-11,SH688011,国防军工
2026-09-11,BJ920896,汽车
2026-09-11,SH603458,建筑装饰
2026-09-11,SZ300938,社会服务
2026-09-11,SZ000656,房地产
2026-09-11,SH600916,纺织服饰
2026-09-11,SZ000796,社会服务
2026-09-11,SZ002307,建筑装饰
2026-09-11,SZ300111,医药生物
2026-09-11,SZ002946,食品饮料
2026-09-11,SZ301217,电力设备
2026-09-11,SH601869,通信
2026-09-11,SH688559,机械设备
2026-09-11,SZ002468,交通运输
2026-09-11,SH601608,机械设备
2026-09-11,SH601168,有色金属
2026-09-11,BJ920177,机械设备
2026-09-11,SH600663,房地产
2026-09-11,SZ002384,电子
2026-09-11,SZ000729,食品饮料
2026-09-11,SZ001323,轻工制造
2026-09-11,SZ300194,医药生物
2026-09-11,BJ920946,医药生物
2026-09-11,SH600531,有色金属
2026-09-11,SH600567,轻工制造
2026-09-11,SZ300119,农林牧渔
2026-09-11,SZ002863,汽车
2026-09-11,SH688092,机械设备
2026-09-11,SH688799,医药生物
2026-09-11,SH600583,石油石化
2026-09-11,SH603859,计算机
2026-09-11,SZ000825,钢铁
2026-09-11,SZ002648,基础化工
2026-09-11,SZ300830,计算机
2026-09-11,SZ300639,医药生物
2026-09-11,SZ000759,商贸零售
2026-09-11,SH603257,建筑装饰
2026-09-11,SZ000400,电力设备
2026-09-11,SZ300069,电力设备
2026-09-11,SZ301515,医药生物
2026-09-11,SZ000507,公用事业
2026-09-11,SZ002310,公用事业
2026-09-11,SH600999,非银金融
2026-09-11,SZ300063,传媒
2026-09-11,SZ300631,环保
2026-09-11,SH600248,建筑装饰
2026-09-11,SZ000751,有色金属
2026-09-11,SH600061,非银金融
2026-09-11,SZ300997,食品饮料
2026-09-11,SH603077,基础化工
2026-09-11,SH688318,计算机
2026-09-11,SZ301499,汽车
2026-09-11,SH603256,建筑材料
2026-09-11,SZ300468,计算机
2026-09-11,SH605288,机械设备
2026-09-11,SH688375,国防军工
2026-09-11,SH688186,电力设备
2026-09-11,SZ300930,有色金属
2026-09-11,SH600715,传媒
2026-09-11,SH600423,基础化工
2026-09-11,SZ300058,传媒
2026-09-11,SZ002065,计算机
2026-09-11,SZ002332,医药生物
2026-09-11,SZ300609,计算机
2026-09-11,BJ920038,基础化工
2026-09-11,SZ002718,建筑材料
2026-09-11,SZ000338,汽车
2026-09-11,SZ301491,电子
2026-09-11,SZ002791,建筑材料
2026-09-11,SZ300586,基础化工
2026-09-11,BJ920833,机械设备
2026-09-11,SZ300581,国防军工
2026-09-11,SZ300351,机械设备
2026-09-11,SH600491,建筑装饰
2026-09-11,SZ002004,医药生物
2026-09-11,SH600609,汽车
2026-09-11,SZ002017,通信
2026-09-11,BJ920068,有色金属
2026-09-11,SZ002292,传媒
2026-09-11,SH688228,计算机
2026-09-11,SZ301052,传媒
2026-09-11,SZ301019,基础化工
2026-09-11,SZ300661,电子
2026-09-11,SZ003016,纺织服饰
2026-09-11,SH603737,建筑材料
2026-09-11,SZ300589,国防军工
2026-09-11,SZ002290,家用电器
2026-09-11,SH688272,国防军工
2026-09-11,SH600758,煤炭
2026-09-11,SZ000826,环保
2026-09-11,SZ301230,医药生物
2026-09-11,SZ300385,环保
2026-09-11,SZ001221,轻工制造
2026-09-11,SZ002712,传媒
2026-09-11,SH600320,机械设备
2026-09-11,SZ300669,机械设备
2026-09-11,SH688298,医药生物
2026-09-11,SZ300453,医药生物
2026-09-11,SZ000980,汽车
2026-09-11,SZ000409,计算机
2026-09-11,SZ002587,电子
2026-09-11,SH688651,计算机
2026-09-11,SH688223,电力设备
2026-09-11,SZ002661,食品饮料
2026-09-11,SZ300276,机械设备
2026-09-11,SH605008,基础化工
2026-09-11,SZ001333,基础化工
2026-09-11,BJ920527,纺织服饰
2026-09-11,SH603330,基础化工
2026-09-11,SZ002235,轻工制造
2026-09-11,SH688101,环保
2026-09-11,SZ301583,电子
2026-09-11,SH600880,社会服务
2026-09-11,SZ000078,医药生物
2026-09-11,SH601212,有色金属
2026-09-11,SH605296,农林牧渔
2026-09-11,SH688097,机械设备
2026-09-11,SZ300001,电力设备
2026-09-11,SH600339,石油石化
2026-09-11,SZ300670,电力设备
2026-09-11,SZ301040,电力设备
2026-09-11,SH600363,电子
2026-09-11,SZ002958,银行
2026-09-11,SZ000301,石油石化
2026-09-11,SZ300852,电子
2026-09-11,SZ300773,非银金融
2026-09-11,SH600367,基础化工
2026-09-11,SZ000061,商贸零售
2026-09-11,SZ301486,电子
2026-09-11,SH600732,电力设备
2026-09-11,SZ301283,基础化工
2026-09-11,SZ002807,银行
2026-09-11,SH603017,建筑装饰
2026-09-11,SH688529,机械设备
2026-09-11,SH603325,机械设备
2026-09-11,BJ920270,汽车
2026-09-11,SH603365,纺织服饰
2026-09-11,SZ002109,基础化工
2026-09-11,SZ002414,国防军工
2026-09-11,SH603115,电子
2026-09-11,SH688067,医药生物
2026-09-11,SZ301151,机械设备
2026-09-11,SZ000700,汽车
2026-09-11,SH600785,商贸零售
2026-09-11,SZ301599,电力设备
2026-09-11,SH603501,电子
2026-09-11,SZ002922,电子
2026-09-11,SZ002357,交通运输
2026-09-11,BJ920008,国防军工
2026-09-11,SZ300217,家用电器
2026-09-11,SH688301,医药生物
2026-09-11,SH603477,农林牧渔
2026-09-11,SZ002101,汽车
2026-09-11,SH688583,机械设备
2026-09-11,SZ300603,通信
2026-09-11,SZ001387,家用电器
2026-09-11,SH600138,社会服务
2026-09-11,SZ002497,基础化工
2026-09-11,SH688100,通信
2026-09-11,SH688323,基础化工
2026-09-11,SH600227,基础化工
2026-09-11,BJ920662,机械设备
2026-09-11,SH600079,医药生物
2026-09-11,SZ300143,医药生物
2026-09-11,SH600271,计算机
2026-09-11,BJ920160,社会服务
2026-09-11,SH688119,建筑材料
2026-09-11,SH600616,食品饮料
2026-09-11,SZ002480,公用事业
2026-09-11,SZ002973,环保
2026-09-11,SZ002652,建筑材料
2026-09-11,SH688209,电子
2026-09-11,SZ301306,国防军工
2026-09-11,SZ002031,机械设备
2026-09-11,SZ002196,电力设备
2026-09-11,SZ300700,机械设备
2026-09-11,BJ920047,医药生物
2026-09-11,SZ002193,纺织服饰
2026-09-11,SZ301609,电力设备
2026-09-11,SZ002137,电子
2026-09-11,SZ002985,国防军工
2026-09-11,SZ002443,钢铁
2026-09-11,SZ300434,医药生物
2026-09-11,SH600419,食品饮料
2026-09-11,SZ002294,医药生物
2026-09-11,SZ301628,电子
2026-09-11,SH603311,家用电器
2026-09-11,SZ301558,商贸零售
2026-09-11,SH603908,纺织服饰
2026-09-11,SH688533,汽车
2026-09-11,SH600697,商贸零售
2026-09-11,SZ300026,医药生物
2026-09-11,SH600308,轻工制造
2026-09-11,SZ000701,商贸零售
2026-09-11,SZ002919,传媒
2026-09-11,SH600691,基础化工
2026-09-11,SZ002245,电力设备
2026-09-11,BJ920275,农林牧渔
2026-09-11,SZ000155,公用事业
2026-09-11,BJ920083,基础化工
2026-09-11,BJ920139,电子
2026-09-11,SZ300113,传媒
2026-09-11,SZ301215,汽车
2026-09-11,SH603319,汽车
2026-09-11,SH688098,农林牧渔
2026-09-11,SZ000036,房地产
2026-09-11,SH603187,机械设备
2026-09-11,SH688622,机械设备
2026-09-11,SZ301159,计算机
2026-09-11,BJ920018,电力设备
2026-09-11,BJ920179,电子
2026-09-11,SZ002911,公用事业
2026-09-11,SZ300196,建筑材料
2026-09-11,SH601163,汽车
2026-09-11,SH688656,医药生物
2026-09-11,SH601963,银行
2026-09-11,SZ002861,电子
2026-09-11,SZ002022,医药生物
2026-09-11,SZ002792,通信
2026-09-11,SZ300491,电力设备
2026-09-11,SH601208,基础化工
2026-09-11,SH603578,家用电器
2026-09-11,SH601360,计算机
2026-09-11,SH600861,社会服务
2026-09-11,SZ002382,医药生物
2026-09-11,SZ000820,环保
2026-09-11,SH688772,电力设备
2026-09-11,SH688113,机械设备
2026-09-11,SH688090,机械设备
2026-09-11,SZ002897,通信
2026-09-11,SZ300991,电子
2026-09-11,SZ300533,传媒
2026-09-11,SH603926,汽车
2026-09-11,SZ002869,计算机
2026-09-11,SZ002568,食品饮料
2026-09-11,SH603216,轻工制造
2026-09-11,SZ300499,机械设备
2026-09-11,SZ002380,计算机
2026-09-11,SH688362,电子
2026-09-11,SZ301517,国防军工
2026-09-11,SZ300190,环保
2026-09-11,SH688711,电子
2026-09-11,SZ000505,农林牧渔
2026-09-11,SH603602,传媒
2026-09-11,SZ002981,电子
2026-09-11,SH600997,煤炭
2026-09-11,SZ300061,传媒
2026-09-11,SZ002458,农林牧渔
2026-09-11,SH688137,医药生物
2026-09-11,SZ002261,计算机
2026-09-11,SH603288,食品饮料
2026-09-11,SZ002202,电力设备
2026-09-11,SH601112,建筑材料
2026-09-11,SZ002669,基础化工
2026-09-11,SH605196,电力设备
2026-09-11,SZ000890,环保
2026-09-11,SZ301126,医药生物
2026-09-11,SH600961,有色金属
2026-09-11,SH688035,电子
2026-09-11,SH688257,机械设备
2026-09-11,SZ001229,计算机
2026-09-11,SZ300685,医药生物
2026-09-11,SH600188,煤炭
2026-09-11,SH600511,医药生物
2026-09-11,SH600510,房地产
2026-09-11,SZ002573,环保
2026-09-11,SZ002523,机械设备
2026-09-11,SH603305,汽车
2026-09-11,SH603728,电力设备
2026-09-11,SH603777,食品饮料
2026-09-11,SH688603,电子
2026-09-11,SZ300583,医药生物
2026-09-11,SH688099,电子
2026-09-11,BJ920108,家用电器
2026-09-11,SZ301330,计算机
2026-09-11,SZ300836,机械设备
2026-09-11,SH603280,机械设备
2026-09-11,SH600348,煤炭
2026-09-11,SZ000877,建筑材料
2026-09-11,SZ002072,商贸零售
2026-09-11,SZ301023,电力设备
2026-09-11,SZ300725,医药生物
2026-09-11,SZ300539,基础化工
2026-09-11,SZ000625,汽车
2026-09-11,SH688210,电子
2026-09-11,SZ300107,基础化工
2026-09-11,SZ300867,环保
2026-09-11,BJ920496,电力设备
2026-09-11,SZ002553,汽车
2026-09-11,SZ001230,环保
2026-09-11,SH603124,有色金属
2026-09-11,SZ301028,机械设备
2026-09-11,SH605018,汽车
2026-09-11,SH600516,钢铁
2026-09-11,BJ920925,医药生物
2026-09-11,SZ300269,电子
2026-09-11,SZ000589,汽车
2026-09-11,SH600885,电力设备
2026-09-11,SZ002159,社会服务
2026-09-11,SH603382,基础化工
2026-09-11,SZ000973,基础化工
2026-09-11,SZ300176,汽车
2026-09-11,SH600828,商贸零售
2026-09-11,SZ000756,医药生物
2026-09-11,SZ301329,电子
2026-09-11,SH601901,非银金融
2026-09-11,SZ001228,交通运输
2026-09-11,SH688269,基础化工
2026-09-11,SZ300880,电力设备
2026-09-11,SZ001212,建筑材料
2026-09-11,SZ300261,基础化工
2026-09-11,SH603282,环保
2026-09-11,SZ002151,国防军工
2026-09-11,SH688670,医药生物
2026-09-11,SH600860,机械设备
2026-09-11,SZ002237,有色金属
2026-09-11,SH688107,电子
2026-09-11,SH601999,传媒
2026-09-11,SH601865,电力设备
2026-09-11,SH603202,汽车
2026-09-11,SZ300405,基础化工
2026-09-11,SH603669,医药生物
2026-09-11,SZ300792,商贸零售
2026-09-11,SH688806,医药生物
2026-09-11,SH603444,传媒
2026-09-11,SZ002319,基础化工
2026-09-11,SZ300003,医药生物
2026-09-11,SH600337,轻工制造
2026-09-11,SH600051,综合
2026-09-11,SH603160,电子
2026-09-11,SH603938,基础化工
2026-09-11,SZ300512,机械设备
2026-09-11,SZ300746,建筑装饰
2026-09-11,SZ002742,医药生物
2026-09-11,SZ002454,汽车
2026-09-11,SZ301353,机械设备
2026-09-11,SH688265,医药生物
2026-09-11,SZ300195,机械设备
2026-09-11,SH688678,电子
2026-09-11,SH600644,公用事业
2026-09-11,SH603435,基础化工
2026-09-11,SH603568,环保
2026-09-11,SH603011,机械设备
2026-09-11,SZ002928,交通运输
2026-09-11,SH603383,计算机
2026-09-11,SZ002961,非银金融
2026-09-11,SZ000767,公用事业
2026-09-11,SZ300970,农林牧渔
2026-09-11,SZ301093,医药生物
2026-09-11,SZ002416,商贸零售
2026-09-11,SZ301257,医药生物
2026-09-11,SH603117,交通运输
2026-09-11,SH688052,电子
2026-09-11,BJ920200,电力设备
2026-09-11,SH688759,医药生物
2026-09-11,SH688661,电子
2026-09-11,SZ300296,电子
2026-09-11,SZ300373,电子
2026-09-11,SH600858,商贸零售
2026-09-11,SH688227,计算机
2026-09-11,SZ300214,基础化工
2026-09-11,BJ920006,国防军工
2026-09-11,SZ300215,社会服务
2026-09-11,SH688612,汽车
2026-09-11,SZ001339,计算机
2026-09-11,SH688581,医药生物
2026-09-11,SZ300601,医药生物
2026-09-11,SZ301578,家用电器
2026-09-11,SZ301608,计算机
2026-09-11,SZ001389,电子
2026-09-11,SZ002142,银行
2026-09-11,SZ301060,医药生物
2026-09-11,SH605089,食品饮料
2026-09-11,BJ920770,电力设备
2026-09-11,SH603900,纺织服饰
2026-09-11,SZ002391,基础化工
2026-09-11,SZ002410,计算机
2026-09-11,SH603041,基础化工
2026-09-11,SZ002534,电力设备
2026-09-11,SH601686,钢铁
2026-09-11,SZ300474,国防军工
2026-09-11,SZ301622,有色金属
2026-09-11,BJ920193,基础化工
2026-09-11,BJ920857,电子
2026-09-11,SH600132,食品饮料
2026-09-11,SZ000983,煤炭
2026-09-11,SZ001206,美容护理
2026-09-11,SH600302,机械设备
2026-09-11,SZ002073,机械设备
2026-09-11,SH601968,轻工制造
2026-09-11,SH605589,基础化工
2026-09-11,SZ300098,通信
2026-09-11,SZ301607,汽车
2026-09-11,SH603058,轻工制造
2026-09-11,SZ000153,医药生物
2026-09-11,BJ920122,社会服务
2026-09-11,SH688327,计算机
2026-09-11,SH600845,计算机
2026-09-11,SH605398,计算机
2026-09-11,SH688087,轻工制造
2026-09-11,SZ001277,机械设备
2026-09-11,SH688386,基础化工
2026-09-11,SH600699,汽车
2026-09-11,SZ300397,国防军工
2026-09-11,SZ300024,机械设备
2026-09-11,SZ000703,石油石化
2026-09-11,SZ300384,建筑装饰
2026-09-11,SH688628,机械设备
2026-09-11,SZ002252,医药生物
2026-09-11,SH600728,计算机
2026-09-11,SH600594,医药生物
2026-09-11,SH688505,医药生物
2026-09-11,BJ920592,计算机
2026-09-11,SH600499,机械设备
2026-09-11,SZ300706,电子
2026-09-11,SH688120,电子
2026-09-11,SH600730,社会服务
2026-09-11,SH688056,机械设备
2026-09-11,SZ002942,基础化工
2026-09-11,SH605099,轻工制造
2026-09-11,SH603567,医药生物
2026-09-11,SH688480,环保
2026-09-11,SZ300435,机械设备
2026-09-11,SH600486,基础化工
2026-09-11,BJ920262,纺织服饰
2026-09-11,SZ300844,建筑装饰
2026-09-11,SZ002891,农林牧渔
2026-09-11,SH601111,交通运输
2026-09-11,SH603178,汽车
2026-09-11,BJ920571,交通运输
2026-09-11,SH603103,传媒
2026-09-11,SZ002599,轻工制造
2026-09-11,SZ300923,机械设备
2026-09-11,SH603008,轻工制造
2026-09-11,SZ001301,电力设备
2026-09-11,SZ301063,机械设备
2026-09-11,SH603367,医药生物
2026-09-11,SZ002733,电力设备
2026-09-11,SZ300201,机械设备
2026-09-11,SZ300635,建筑装饰
2026-09-11,SZ300509,机械设备
2026-09-11,SZ301339,计算机
2026-09-11,SH600819,建筑材料
2026-09-11,SH600216,医药生物
2026-09-11,SZ300531,计算机
2026-09-11,BJ920689,机械设备
2026-09-11,SH688235,医药生物
2026-09-11,SZ301318,计算机
2026-09-11,SH603214,商贸零售
2026-09-11,SH688828,机械设备
2026-09-11,SZ001365,汽车
2026-09-11,SH600088,传媒
2026-09-11,SH600995,公用事业
2026-09-11,SZ002269,纺织服饰
2026-09-11,SH688131,医药生物
2026-09-11,SH605168,传媒
2026-09-11,SH603987,医药生物
2026-09-11,SZ003041,纺织服饰
2026-09-11,SH688049,电子
2026-09-11,SH603979,有色金属
2026-09-11,SZ301560,汽车
2026-09-11,SH600963,轻工制造
2026-09-11,SZ002880,医药生物
2026-09-11,SH603206,通信
2026-09-11,SH600186,食品饮料
2026-09-11,SZ300520,计算机
2026-09-11,SZ301065,医药生物
2026-09-11,SZ001225,机械设备
2026-09-11,SH605111,电子
2026-09-11,SZ002967,社会服务
2026-09-11,SZ000632,综合
2026-09-11,BJ920035,机械设备
2026-09-11,SH603779,食品饮料
2026-09-11,SH603122,医药生物
2026-09-11,SZ301008,家用电器
2026-09-11,SH688281,国防军工
2026-09-11,SZ301682,国防军工
2026-09-11,SZ301158,机械设备
2026-09-11,SZ301082,电力设备
2026-09-11,SH603324,环保
2026-09-11,SZ300727,基础化工
2026-09-11,SZ002716,有色金属
2026-09-11,SZ003009,国防军工
2026-09-11,SH601992,建筑材料
2026-09-11,SZ002094,美容护理
2026-09-11,SH688161,医药生物
2026-09-11,SZ002795,机械设备
2026-09-11,SH605186,机械设备
2026-09-11,SH601728,通信
2026-09-11,SH688276,医药生物
2026-09-11,SH600754,社会服务
2026-09-11,SH603682,商贸零售
2026-09-11,SH603676,医药生物
2026-09-11,SZ300179,机械设备
2026-09-11,BJ920346,电子
2026-09-11,SH600892,传媒
2026-09-11,SZ301349,电力设备
2026-09-11,SZ300174,基础化工
2026-09-11,SH688178,环保
2026-09-11,SH603208,轻工制造
2026-09-11,SZ000521,家用电器
2026-09-11,SH603867,基础化工
2026-09-11,SH600808,钢铁
2026-09-11,SZ000802,传媒
2026-09-11,SZ300263,机械设备
2026-09-11,SH600267,医药生物
2026-09-11,SZ002153,计算机
2026-09-11,SZ300570,通信
2026-09-11,SZ001279,轻工制造
2026-09-11,SZ003007,计算机
2026-09-11,SZ301323,有色金属
2026-09-11,SZ301468,机械设备
2026-09-11,SH601225,煤炭
2026-09-11,SZ300897,机械设备
2026-09-11,SZ301191,通信
2026-09-11,SZ300500,建筑装饰
2026-09-11,SH600335,汽车
2026-09-11,SH600928,银行
2026-09-11,SH603069,交通运输
2026-09-11,SZ000739,医药生物
2026-09-11,SZ002331,计算机
2026-09-11,SH600018,交通运输
2026-09-11,SH605108,社会服务
2026-09-11,SH688569,机械设备
2026-09-11,SZ002456,电子
2026-09-11,SH603111,机械设备
2026-09-11,SH688058,计算机
2026-09-11,SH601636,建筑材料
2026-09-11,SZ002036,电子
2026-09-11,SH688676,电力设备
2026-09-11,SH601528,银行
2026-09-11,SZ002396,通信
2026-09-11,SZ300922,国防军工
2026-09-11,SZ002097,机械设备
2026-09-11,SH600612,纺织服饰
2026-09-11,SZ000963,医药生物
2026-09-11,SZ002315,商贸零售
2026-09-11,SZ002060,建筑装饰
2026-09-11,SZ300213,通信
2026-09-11,SH600375,汽车
2026-09-11,SZ002818,商贸零售
2026-09-11,SH603716,医药生物
2026-09-11,SH601888,商贸零售
2026-09-11,SZ002701,轻工制造
2026-09-11,SZ301255,机械设备
2026-09-11,SH688370,环保
2026-09-11,SZ001317,交通运输
2026-09-11,SH600010,钢铁
2026-09-11,SZ002186,社会服务
2026-09-11,SZ300147,医药生物
2026-09-11,SZ000838,房地产
2026-09-11,SH603231,农林牧渔
2026-09-11,SZ002709,电力设备
2026-09-11,SH603823,基础化工
2026-09-11,SZ300265,电力设备
2026-09-11,SH688638,电力设备
2026-09-11,SZ002320,交通运输
2026-09-11,SZ002628,建筑装饰
2026-09-11,SH688552,国防军工
2026-09-11,SH600232,机械设备
2026-09-11,SZ000536,电子
2026-09-11,SZ002048,汽车
2026-09-11,SZ301160,机械设备
2026-09-11,SH603043,食品饮料
2026-09-11,SZ002846,轻工制造
2026-09-11,SH603248,电力设备
2026-09-11,SH600380,医药生物
2026-09-11,SH688578,医药生物
2026-09-11,SH603906,电力设备
2026-09-11,SZ002180,计算机
2026-09-11,SZ301399,机械设备
2026-09-11,SH600738,商贸零售
2026-09-11,SZ300046,电子
2026-09-11,SH601699,煤炭
2026-09-11,BJ920519,基础化工
2026-09-11,SH688038,计算机
2026-09-11,SZ300643,汽车
2026-09-11,SH600082,房地产
2026-09-11,SH688698,机械设备
2026-09-11,SZ000151,商贸零售
2026-09-11,SH603318,公用事业
2026-09-11,SZ301636,电力设备
2026-09-11,BJ920266,医药生物
2026-09-11,SH601555,非银金融
2026-09-11,SZ000755,交通运输
2026-09-11,SZ301166,医药生物
2026-09-11,BJ920081,家用电器
2026-09-11,SZ002687,纺织服饰
2026-09-11,SH603406,基础化工
2026-09-11,SH603607,轻工制造
2026-09-11,SZ300740,美容护理
2026-09-11,SZ300690,电力设备
2026-09-11,SZ300679,电子
2026-09-11,SH600710,商贸零售
2026-09-11,SH603031,电力设备
2026-09-11,SZ000159,电力设备
2026-09-11,SZ000551,环保
2026-09-11,SH688503,电力设备
2026-09-11,SZ300882,电力设备
2026-09-11,SZ001283,电力设备
2026-09-11,SH603105,公用事业
2026-09-11,SZ002593,建筑装饰
2026-09-11,SH600580,电力设备
2026-09-11,SZ300817,机械设备
2026-09-11,SH601702,有色金属
2026-09-11,SH600080,医药生物
2026-09-11,SZ300382,机械设备
2026-09-11,SH600288,计算机
2026-09-11,SZ002735,轻工制造
2026-09-11,SZ300207,电力设备
2026-09-11,SH603186,电子
2026-09-11,SZ300675,建筑装饰
2026-09-11,SH600683,房地产
2026-09-11,SZ002518,电力设备
2026-09-11,SZ002431,建筑装饰
2026-09-11,SH603176,建筑装饰
2026-09-11,SZ300537,电子
2026-09-11,SZ300568,电力设备
2026-09-11,SH601088,煤炭
2026-09-11,SZ301070,机械设备
2026-09-11,SH600537,电力设备
2026-09-11,SH600173,房地产
2026-09-11,SH688801,电子
2026-09-11,SH600956,公用事业
2026-09-11,SZ300682,计算机
2026-09-11,SH600207,电力设备
2026-09-11,SH688400,机械设备
2026-09-11,SH600971,煤炭
2026-09-11,SZ002166,基础化工
2026-09-11,SH600817,环保
2026-09-11,SH605162,公用事业
2026-09-11,SH688408,电力设备
2026-09-11,SH600704,交通运输
2026-09-11,SZ000609,房地产
2026-09-11,SZ301316,计算机
2026-09-11,SZ002698,机械设备
2026-09-11,SH688429,电力设备
2026-09-11,SZ300710,通信
2026-09-11,SZ300556,计算机
2026-09-11,SZ002420,综合
2026-09-11,SZ002870,汽车
2026-09-11,SH600022,钢铁
2026-09-11,BJ920180,医药生物
2026-09-11,SH688303,电力设备
2026-09-11,SZ000099,交通运输
2026-09-11,SZ002806,汽车
2026-09-11,SZ003043,电子
2026-09-11,SZ002782,电子
2026-09-11,SH603773,电子
2026-09-11,BJ920093,机械设备
2026-09-11,BJ920981,电子
2026-09-11,SH600158,社会服务
2026-09-11,SZ301020,汽车
2026-09-11,SH688786,有色金属
2026-09-11,SH600184,国防军工
2026-09-11,SZ000677,基础化工
2026-09-11,SZ002627,社会服务
2026-09-11,SH603379,基础化工
2026-09-11,SZ300738,通信
2026-09-11,SZ300170,计算机
2026-09-11,SH600755,交通运输
2026-09-11,SZ002756,有色金属
2026-09-11,SZ301155,电力设备
2026-09-11,SZ300221,基础化工
2026-09-11,BJ920037,电力设备
2026-09-11,SZ002485,交通运输
2026-09-11,SH688648,机械设备
2026-09-11,SH688283,通信
2026-09-11,SH600512,建筑装饰
2026-09-11,SZ000681,传媒
2026-09-11,SZ002498,电力设备
2026-09-11,BJ920188,基础化工
2026-09-11,SZ300232,电子
2026-09-11,SH600170,建筑装饰
2026-09-11,BJ920089,基础化工
2026-09-11,SZ300134,通信
2026-09-11,SZ002326,基础化工
2026-09-11,SH688073,医药生物
2026-09-11,SZ300469,计算机
2026-09-11,SH600562,国防军工
2026-09-11,SH603128,交通运输
2026-09-11,SH688766,电子
2026-09-11,BJ920943,机械设备
2026-09-11,SH601616,电力设备
2026-09-11,SZ002838,基础化工
2026-09-11,BJ920191,建筑材料
2026-09-11,SZ300010,社会服务
2026-09-11,SH688485,机械设备
2026-09-11,SZ002155,有色金属
2026-09-11,SH603816,轻工制造
2026-09-11,SZ002470,基础化工
2026-09-11,SH603081,机械设备
2026-09-11,SZ000829,商贸零售
2026-09-11,SZ002507,食品饮料
2026-09-11,SH688781,电子
2026-09-11,SZ300401,医药生物
2026-09-11,SZ301210,电力设备
2026-09-11,BJ920608,机械设备
2026-09-11,BJ920174,机械设备
2026-09-11,SH600098,公用事业
2026-09-11,SH600265,农林牧渔
2026-09-11,SH601860,银行
2026-09-11,SZ300321,基础化工
2026-09-11,SH601033,环保
2026-09-11,SZ301185,计算机
2026-09-11,SZ002644,医药生物
2026-09-11,SH603321,机械设备
2026-09-11,SH688358,医药生物
2026-09-11,BJ920221,汽车
2026-09-11,SZ000800,汽车
2026-09-11,SZ301529,汽车
2026-09-11,SH688023,计算机
2026-09-11,SH603810,基础化工
2026-09-11,SZ301193,轻工制造
2026-09-11,SZ002822,建筑装饰
2026-09-11,BJ920693,机械设备
2026-09-11,SZ300928,汽车
2026-09-11,SZ002088,建筑材料
2026-09-11,SZ002064,基础化工
2026-09-11,SH688584,电子
2026-09-11,SZ002313,通信
2026-09-11,SZ000731,基础化工
2026-09-11,SH603928,基础化工
2026-09-11,SZ301225,汽车
2026-09-11,SH600155,非银金融
2026-09-11,SZ301043,机械设备
2026-09-11,SH600595,有色金属
2026-09-11,SH603332,基础化工
2026-09-11,SZ300807,计算机
2026-09-11,SZ000830,基础化工
2026-09-11,SH603706,公用事业
2026-09-11,SH600651,汽车
2026-09-11,SZ002394,纺织服饰
2026-09-11,SZ300184,电子
2026-09-11,SZ300411,机械设备
2026-09-11,SH600678,建筑材料
2026-09-11,SZ003035,公用事业
2026-09-11,SZ300808,电子
2026-09-11,SZ300920,基础化工
2026-09-11,SH600552,电子
2026-09-11,SZ000564,商贸零售
2026-09-11,SH688680,电力设备
2026-09-11,SZ300859,社会服务
2026-09-11,SH600238,食品饮料
2026-09-11,SZ000882,商贸零售
2026-09-11,SZ001336,环保
2026-09-11,SZ300514,电力设备
2026-09-11,SZ002529,机械设备
2026-09-11,BJ920079,汽车
2026-09-11,SH603233,医药生物
2026-09-11,SZ000905,交通运输
2026-09-11,BJ920866,基础化工
2026-09-11,SH600477,建筑装饰
2026-09-11,SH603300,非银金融
2026-09-11,SH601568,基础化工
2026-09-11,SH600727,基础化工
2026-09-11,SZ300051,电力设备
2026-09-11,SH688579,计算机
2026-09-11,SZ000935,非银金融
2026-09-11,SZ000538,医药生物
2026-09-11,SH600834,交通运输
2026-09-11,SZ300985,机械设备
2026-09-11,SH601988,银行
2026-09-11,SZ002521,轻工制造
2026-09-11,SH601399,机械设备
2026-09-11,SZ300478,基础化工
2026-09-11,SH688475,计算机
2026-09-11,SZ301118,基础化工
2026-09-11,SH600284,建筑装饰
2026-09-11,SZ002893,公用事业
2026-09-11,SH688418,通信
2026-09-11,SZ300039,医药生物
2026-09-11,SZ300860,社会服务
2026-09-11,SZ000707,基础化工
2026-09-11,SH600520,机械设备
2026-09-11,SH688635,通信
2026-09-11,SH600382,钢铁
2026-09-11,SZ300094,农林牧渔
2026-09-11,SZ000408,基础化工
2026-09-11,BJ920288,轻工制造
2026-09-11,SZ300873,交通运输
2026-09-11,SH605319,汽车
2026-09-11,SH603613,商贸零售
2026-09-11,SH603196,纺织服饰
2026-09-11,SH600483,公用事业
2026-09-11,SH603429,轻工制造
2026-09-11,SZ300925,计算机
2026-09-11,BJ920078,有色金属
2026-09-11,SZ002282,机械设备
2026-09-11,SZ002530,机械设备
2026-09-11,SZ300885,机械设备
2026-09-11,SZ000816,汽车
2026-09-11,SZ000958,公用事业
2026-09-11,SH603348,汽车
2026-09-11,SH601166,银行
2026-09-11,SH601808,石油石化
2026-09-11,SH688501,环保
2026-09-11,SH603136,社会服务
2026-09-11,SZ300577,纺织服饰
2026-09-11,SH603107,汽车
2026-09-11,SH688262,电子
2026-09-11,SH603421,通信
2026-09-11,SZ000698,石油石化
2026-09-11,SZ300819,纺织服饰
2026-09-11,SZ300857,电子
2026-09-11,SH600635,公用事业
2026-09-11,SH600201,农林牧渔
2026-09-11,BJ920414,电力设备
2026-09-11,SZ002737,医药生物
2026-09-11,SZ300205,通信
2026-09-11,SH603188,基础化工
2026-09-11,SZ300677,医药生物
2026-09-11,BJ920445,轻工制造
2026-09-11,SH600012,交通运输
2026-09-11,SH688259,电子
2026-09-11,SH600539,商贸零售
2026-09-11,SZ002229,计算机
2026-09-11,SZ300811,有色金属
2026-09-11,SH688432,电子
2026-09-11,SH600714,基础化工
2026-09-11,SZ300680,汽车
2026-09-11,SH601811,传媒
2026-09-11,SZ301631,汽车
2026-09-11,SZ002164,机械设备
2026-09-11,SZ300961,环保
2026-09-11,BJ920726,食品饮料
2026-09-11,SH603983,美容护理
2026-09-11,SZ000068,环保
2026-09-11,SH600706,社会服务
2026-09-11,SZ301314,通信
2026-09-11,SH600126,钢铁
2026-09-11,SZ300105,环保
2026-09-11,SZ301520,医药生物
2026-09-11,SH603028,机械设备
2026-09-11,SZ000727,电子
2026-09-11,SZ002560,电力设备
2026-09-11,SZ300761,农林牧渔
2026-09-11,SZ301236,计算机
2026-09-11,SZ002527,机械设备
2026-09-11,SH603869,计算机
2026-09-11,SZ300085,计算机
2026-09-11,BJ920252,电力设备
2026-09-11,SZ301175,环保
2026-09-11,SH601607,医药生物
2026-09-11,SH605366,基础化工
2026-09-11,SH603797,环保
2026-09-11,SH601985,公用事业
2026-09-11,SZ300302,计算机
2026-09-11,SH605598,建筑装饰
2026-09-11,SZ000520,交通运输
2026-09-11,SZ300132,美容护理
2026-09-11,SZ000795,有色金属
2026-09-11,SZ301272,机械设备
2026-09-11,SH688075,医药生物
2026-09-11,SZ301556,计算机
2026-09-11,SZ000002,房地产
2026-09-11,SH601766,机械设备
2026-09-11,SZ300398,电子
2026-09-11,SZ002932,医药生物
2026-09-11,SZ002365,医药生物
2026-09-11,BJ920092,计算机
2026-09-11,BJ920427,建筑装饰
2026-09-11,SH600763,医药生物
2026-09-11,SH688662,电子
2026-09-11,SZ301002,电力设备
2026-09-11,SH603373,社会服务
2026-09-11,SZ000690,公用事业
2026-09-11,SZ002187,商贸零售
2026-09-11,SZ003816,公用事业
2026-09-11,SZ002501,有色金属
2026-09-11,SH603992,轻工制造
2026-09-11,SH600558,机械设备
2026-09-11,SH603595,电子
2026-09-11,BJ920161,电子
2026-09-11,SZ300225,基础化工
2026-09-11,SZ002219,医药生物
2026-09-11,SZ000555,计算机
2026-09-11,SH688530,电子
2026-09-11,SZ300618,有色金属
2026-09-11,SZ300870,电力设备
2026-09-11,SH603818,轻工制造
2026-09-11,SH688111,计算机
2026-09-11,SZ300697,有色金属
2026-09-11,SZ002866,电子
2026-09-11,SZ002642,计算机
2026-09-11,SH601099,非银金融
2026-09-11,SZ301536,电子
2026-09-11,SZ301125,机械设备
2026-09-11,SH688367,机械设备
2026-09-11,SZ002728,医药生物
2026-09-11,SZ002828,石油石化
2026-09-11,SZ300795,社会服务
2026-09-11,SZ300937,医药生物
2026-09-11,SH688114,医药生物
2026-09-11,BJ920576,有色金属
2026-09-11,SZ301638,计算机
2026-09-11,SH603323,银行
2026-09-11,SZ000927,机械设备
2026-09-11,SH600685,国防军工
2026-09-11,SH688016,医药生物
2026-09-11,SZ002056,电力设备
2026-09-11,SZ300827,电力设备
2026-09-11,SZ002923,医药生物
2026-09-11,SZ002277,商贸零售
2026-09-11,SH601800,建筑装饰
2026-09-11,BJ920267,电子
2026-09-11,SZ300337,有色金属
2026-09-11,SZ300408,电子
2026-09-11,SZ002311,农林牧渔
2026-09-11,SZ002908,计算机
2026-09-11,SZ301227,轻工制造
2026-09-11,SH603098,建筑装饰
2026-09-11,SZ000597,医药生物
2026-09-11,SZ000026,纺织服饰
2026-09-11,SZ002820,食品饮料
2026-09-11,SH603170,食品饮料
2026-09-11,SZ002492,交通运输
2026-09-11,SH600150,国防军工
2026-09-11,SZ002032,家用电器
2026-09-11,SZ301195,计算机
2026-09-11,SZ002442,基础化工
2026-09-11,SH688306,机械设备
2026-09-11,SZ002860,家用电器
2026-09-11,SZ300136,电子
2026-09-11,SZ000888,社会服务
2026-09-11,SZ001325,基础化工
2026-09-11,SH600990,国防军工
2026-09-11,SZ300642,医药生物
2026-09-11,SZ003033,汽车
2026-09-11,SZ002853,轻工制造
2026-09-11,SZ000915,医药生物
2026-09-11,SH688707,电力设备
2026-09-11,SZ300620,通信
2026-09-11,SZ300504,通信
2026-09-11,SZ300828,机械设备
2026-09-11,SZ300419,计算机
2026-09-11,SZ000566,医药生物
2026-09-11,SH600422,医药生物
2026-09-11,SH688216,电子
2026-09-11,SZ002885,电子
2026-09-11,SH600550,电力设备
2026-09-11,SZ300248,计算机
2026-09-11,SZ300516,电子
2026-09-11,SZ002030,医药生物
2026-09-11,SH688157,基础化工
2026-09-11,SZ002578,有色金属
2026-09-11,SZ300575,基础化工
2026-09-11,SZ300467,传媒
2026-09-11,SH688379,机械设备
2026-09-11,SH688189,医药生物
2026-09-11,SH688286,电子
2026-09-11,SH600773,房地产
2026-09-11,SH600107,纺织服饰
2026-09-11,SZ001233,汽车
2026-09-11,SZ300255,医药生物
2026-09-11,SH600725,煤炭
2026-09-11,SZ300053,电子
2026-09-11,SH600187,环保
2026-09-11,SZ002216,食品饮料
2026-09-11,SZ000930,农林牧渔
2026-09-11,SH688212,医药生物
2026-09-11,SZ002983,电子
2026-09-11,SH603619,石油石化
2026-09-11,SZ000059,石油石化
2026-09-11,SZ002602,传媒
2026-09-11,SH688349,电力设备
2026-09-11,SH600489,有色金属
2026-09-11,SH603696,食品饮料
2026-09-11,SH603662,机械设备
2026-09-11,SZ301087,医药生物
2026-09-11,BJ920072,医药生物
2026-09-11,SZ300510,电力设备
2026-09-11,SZ301055,轻工制造
2026-09-11,SH603150,基础化工
2026-09-11,SH600215,机械设备
2026-09-11,SZ300871,农林牧渔
2026-09-11,SZ003019,电子
2026-09-11,SH603611,机械设备
2026-09-11,SZ300460,电子
2026-09-11,SZ301112,机械设备
2026-09-11,SH688002,电子
2026-09-11,SZ301683,基础化工
2026-09-11,SH600358,传媒
2026-09-11,SH600633,传媒
2026-09-11,SZ300887,社会服务
2026-09-11,SZ002305,房地产
2026-09-11,SZ000637,石油石化
2026-09-11,SZ002777,计算机
2026-09-11,SZ300671,电子
2026-09-11,SZ300758,基础化工
2026-09-11,SZ002066,建筑材料
2026-09-11,SZ000926,房地产
2026-09-11,SH600589,计算机
2026-09-11,SZ002024,商贸零售
2026-09-11,SZ002278,机械设备
2026-09-11,SH600533,房地产
2026-09-11,SH601952,农林牧渔
2026-09-11,SH600203,电子
2026-09-11,SH603392,医药生物
2026-09-11,SH603956,机械设备
2026-09-11,SZ300166,计算机
2026-09-11,SZ000691,基础化工
2026-09-11,SH603203,机械设备
2026-09-11,SZ002124,农林牧渔
2026-09-11,SZ000430,社会服务
2026-09-11,BJ920181,电子
2026-09-11,SH600581,钢铁
2026-09-11,SH603527,有色金属
2026-09-11,SH605299,轻工制造
2026-09-11,SH688562,计算机
2026-09-11,SZ001376,公用事业
2026-09-11,SZ300288,计算机
2026-09-11,SH600749,社会服务
2026-09-11,SZ300072,基础化工
2026-09-11,SH601069,有色金属
2026-09-11,SH600058,商贸零售
2026-09-11,SH688232,计算机
2026-09-11,SZ002225,建筑材料
2026-09-11,SH603182,农林牧渔
2026-09-11,SH605155,轻工制造
2026-09-11,SZ300782,电子
2026-09-11,SH601872,交通运输
2026-09-11,SH600113,商贸零售
2026-09-11,SH603018,建筑装饰
2026-09-11,SH601601,非银金融
2026-09-11,SZ000753,综合
2026-09-11,SH600063,基础化工
2026-09-11,SZ300999,农林牧渔
2026-09-11,SH603075,家用电器
2026-09-11,SZ000725,电子
2026-09-11,SZ300308,通信
2026-09-11,SH600026,交通运输
2026-09-11,SZ300967,农林牧渔
2026-09-11,SH688121,机械设备
2026-09-11,SZ002892,电力设备
2026-09-11,SZ002444,机械设备
2026-09-11,SZ000948,计算机
2026-09-11,SZ002495,食品饮料
2026-09-11,BJ920768,家用电器
2026-09-11,SH688668,通信
2026-09-11,SZ301172,计算机
2026-09-11,BJ920510,机械设备
2026-09-11,SZ301056,机械设备
2026-09-11,SZ002160,有色金属
2026-09-11,SZ300369,计算机
2026-09-11,SZ002938,电子
2026-09-11,SZ301658,电力设备
2026-09-11,SZ002632,基础化工
2026-09-11,SH603067,基础化工
2026-09-11,BJ920118,电力设备
2026-09-11,SH603650,基础化工
2026-09-11,SZ301265,环保
2026-09-11,SH688077,有色金属
2026-09-11,SH688553,医药生物
2026-09-11,SZ002011,家用电器
2026-09-11,SZ002673,非银金融
2026-09-11,SZ300980,基础化工
2026-09-11,SH600480,汽车
2026-09-11,SH600848,房地产
2026-09-11,SZ002194,通信
2026-09-11,BJ920184,计算机
2026-09-11,SZ300227,机械设备
2026-09-11,SH603220,通信
2026-09-11,SZ002117,轻工制造
2026-09-11,SZ300138,农林牧渔
2026-09-11,SH688593,电子
2026-09-11,SH688191,电力设备
2026-09-11,SZ301568,机械设备
2026-09-11,SZ002930,交通运输
2026-09-11,BJ920163,轻工制造
2026-09-11,SH600217,环保
2026-09-11,SZ000524,社会服务
2026-09-11,SH600085,医药生物
2026-09-11,SZ300616,轻工制造
2026-09-11,SZ301152,电力设备
2026-09-11,SZ000778,钢铁
2026-09-11,SZ002092,基础化工
2026-09-11,SH603225,基础化工
2026-09-11,SZ300444,电力设备
2026-09-11,SZ300864,环保
2026-09-11,SZ300443,电力设备
2026-09-11,SH688345,电力设备
2026-09-11,SZ301067,电子
2026-09-11,SZ301381,商贸零售
2026-09-11,SH605006,建筑材料
2026-09-11,SH603100,机械设备
2026-09-11,SZ002041,农林牧渔
2026-09-11,SH605028,公用事业
2026-09-11,SZ300088,电子
2026-09-11,SZ300331,电子
2026-09-11,SZ000978,社会服务
2026-09-11,BJ920171,计算机
2026-09-11,SH603267,国防军工
2026-09-11,SZ000953,医药生物
2026-09-11,SZ002902,通信
2026-09-11,SH688339,电力设备
2026-09-11,SZ300523,计算机
2026-09-11,SZ301377,机械设备
2026-09-11,SH600877,电子
2026-09-11,SZ000031,房地产
2026-09-11,SZ301141,有色金属
2026-09-11,SZ300014,电力设备
2026-09-11,SZ000910,轻工制造
2026-09-11,SZ002058,电力设备
2026-09-11,SH688618,通信
2026-09-11,SH600361,有色金属
2026-09-11,SZ002242,家用电器
2026-09-11,SZ002084,轻工制造
2026-09-11,SZ300339,计算机
2026-09-11,BJ920505,机械设备
2026-09-11,SH605086,基础化工
2026-09-11,SZ000063,通信
2026-09-11,SZ301212,基础化工
2026-09-11,BJ920016,基础化工
2026-09-11,SH601975,交通运输
2026-09-11,SZ000028,医药生物
2026-09-11,SZ002404,纺织服饰
2026-09-11,SZ000792,基础化工
2026-09-11,SZ301149,基础化工
2026-09-11,SH603786,汽车
2026-09-11,SH600078,基础化工
2026-09-11,SH600369,非银金融
2026-09-11,SZ002110,钢铁
2026-09-11,SZ002081,建筑装饰
2026-09-11,SZ300854,环保
2026-09-11,SZ000886,交通运输
2026-09-11,SZ003031,通信
2026-09-11,SZ002567,农林牧渔
2026-09-11,SH688701,环保
2026-09-11,SZ002743,建筑装饰
2026-09-11,SH600779,食品饮料
2026-09-11,SZ300320,基础化工
2026-09-11,SZ301601,机械设备
2026-09-11,SZ000571,煤炭
2026-09-11,SZ000852,机械设备
2026-09-11,SZ002178,计算机
2026-09-11,SH603970,基础化工
2026-09-11,SZ000020,电子
2026-09-11,SZ300648,电力设备
2026-09-11,SZ300305,基础化工
2026-09-11,SH688155,电力设备
2026-09-11,SZ301555,基础化工
2026-09-11,SH600771,医药生物
2026-09-11,SH601019,传媒
2026-09-11,SZ001231,基础化工
2026-09-11,SZ300242,传媒
2026-09-11,SH688128,机械设备
2026-09-11,SZ002297,国防军工
2026-09-11,SH605178,建筑装饰
2026-09-11,SH603995,钢铁
2026-09-11,SZ000931,医药生物
2026-09-11,SH603617,机械设备
2026-09-11,SH603648,交通运输
2026-09-11,SH600827,商贸零售
2026-09-11,SH600166,汽车
2026-09-11,SH601022,交通运输
2026-09-11,SZ001239,机械设备
2026-09-11,SH688196,基础化工
2026-09-11,SH603029,机械设备
2026-09-11,SZ002152,计算机
2026-09-11,SH600075,基础化工
2026-09-11,SH600751,交通运输
2026-09-11,SZ300881,钢铁
2026-09-11,SZ002771,计算机
2026-09-11,SZ003027,环保
2026-09-11,SH601128,银行
2026-09-11,SZ301469,轻工制造
2026-09-11,SZ002475,电子
2026-09-11,SH603132,有色金属
2026-09-11,SZ002608,公用事业
2026-09-11,SZ300535,基础化工
2026-09-11,SZ001378,基础化工
2026-09-11,SH600667,建筑装饰
2026-09-11,SZ301320,机械设备
2026-09-11,SH600312,电力设备
2026-09-11,SZ300932,电力设备
2026-09-11,SH688193,医药生物
2026-09-11,SZ300889,电子
2026-09-11,SH603006,汽车
2026-09-11,SZ002779,机械设备
2026-09-11,SH603344,电力设备
2026-09-11,SZ002393,医药生物
2026-09-11,SH601515,轻工制造
2026-09-11,SZ301042,计算机
2026-09-11,SZ002554,石油石化
2026-09-11,SZ002675,医药生物
2026-09-11,SZ301356,轻工制造
2026-09-11,SZ002913,电子
2026-09-11,SZ002388,电子
2026-09-11,SZ300279,家用电器
2026-09-11,SZ300198,建筑材料
2026-09-11,SH600882,食品饮料
2026-09-11,SH601827,环保
2026-09-11,BJ920418,汽车
2026-09-11,SZ300164,石油石化
2026-09-11,SH603010,基础化工
2026-09-11,SZ300493,电子
2026-09-11,SZ002682,交通运输
2026-09-11,SH603855,机械设备
2026-09-11,SH688722,基础化工
2026-09-11,SZ301220,基础化工
2026-09-11,SH600119,交通运输
2026-09-11,SH600863,公用事业
2026-09-11,BJ920367,医药生物
2026-09-11,SH600590,电力设备
2026-09-11,SH688516,电力设备
2026-09-11,SH600255,有色金属
2026-09-11,SH601890,国防军工
2026-09-11,SZ000892,传媒
2026-09-11,SH603297,电子
2026-09-11,SZ300418,传媒
2026-09-11,SZ002208,房地产
2026-09-11,SZ000723,煤炭
2026-09-11,SZ002663,建筑装饰
2026-09-11,SH601318,非银金融
2026-09-11,BJ920211,机械设备
2026-09-11,SZ000570,汽车
2026-09-11,BJ920023,农林牧渔
2026-09-11,SZ300287,计算机
2026-09-11,BJ920206,基础化工
2026-09-11,SH600111,有色金属
2026-09-11,SZ300916,电子
2026-09-11,SZ300036,计算机
2026-09-11,SH605566,基础化工
2026-09-11,SZ002634,纺织服饰
2026-09-11,SZ301239,医药生物
2026-09-11,SH603335,汽车
2026-09-11,SZ300774,环保
2026-09-11,SH688443,医药生物
2026-09-11,SZ000156,传媒
2026-09-11,SH688037,电子
2026-09-11,SH603608,纺织服饰
2026-09-11,SH600436,医药生物
2026-09-11,BJ920690,汽车
2026-09-11,SH688296,计算机
2026-09-11,SZ002069,农林牧渔
2026-09-11,SH688147,电力设备
2026-09-11,SZ002327,纺织服饰
2026-09-11,SZ301026,有色金属
2026-09-11,SZ003029,计算机
2026-09-11,SZ301231,传媒
2026-09-11,BJ920116,计算机
2026-09-11,SH600820,建筑装饰
2026-09-11,SH688588,计算机
2026-09-11,SZ301267,医药生物
2026-09-11,SZ300910,基础化工
2026-09-11,SH600605,商贸零售
2026-09-11,SH603326,轻工制造
2026-09-11,SZ301178,计算机
2026-09-11,SZ000596,食品饮料
2026-09-11,SZ300012,社会服务
2026-09-11,SZ300950,机械设备
2026-09-11,SZ300865,机械设备
2026-09-11,SZ003012,轻工制造
2026-09-11,SZ002119,电子
2026-09-11,SZ301596,机械设备
2026-09-11,BJ920832,基础化工
2026-09-11,SH601375,非银金融
2026-09-11,SH688591,电子
2026-09-11,BJ920107,基础化工
2026-09-11,SH603516,计算机
2026-09-11,SH688518,机械设备
2026-09-11,SH600222,医药生物
2026-09-11,SZ000526,社会服务
2026-09-11,SZ300093,电力设备
2026-09-11,SZ300614,环保
2026-09-11,SH603051,基础化工
2026-09-11,SH603113,基础化工
2026-09-11,SZ301688,基础化工
2026-09-11,SH603227,基础化工
2026-09-11,SZ300446,汽车
2026-09-11,SH688353,电力设备
2026-09-11,SZ301371,美容护理
2026-09-11,SH603106,计算机
2026-09-11,SH688389,医药生物
2026-09-11,SH600449,建筑材料
2026-09-11,SZ002043,建筑材料
2026-09-11,SH688621,医药生物
2026-09-11,SZ002248,机械设备
2026-09-11,SH688696,家用电器
2026-09-11,SH688105,医药生物
2026-09-11,SZ001300,轻工制造
2026-09-11,SZ000008,机械设备
2026-09-11,SH605222,电力设备
2026-09-11,SZ300200,基础化工
2026-09-11,SZ300402,机械设备
2026-09-11,SZ301379,电子
2026-09-11,SZ300543,家用电器
2026-09-11,SZ300005,纺织服饰
2026-09-11,SH600648,房地产
2026-09-11,SZ300016,医药生物
2026-09-11,SH601678,基础化工
2026-09-11,SH600398,纺织服饰
2026-09-11,SZ300672,电子
2026-09-11,SZ000925,机械设备
2026-09-11,BJ920522,电力设备
2026-09-11,SZ300798,基础化工
2026-09-11,SZ300503,机械设备
2026-09-11,BJ920014,公用事业
2026-09-11,SH600549,有色金属
2026-09-11,SZ002406,汽车
2026-09-11,SH601858,传媒
2026-09-11,SH605228,汽车
2026-09-11,SZ300990,机械设备
2026-09-11,BJ920045,通信
2026-09-11,SZ000858,食品饮料
2026-09-11,SH603352,汽车
2026-09-11,SZ300856,美容护理
2026-09-11,SZ002105,汽车
2026-09-11,SZ002881,通信
2026-09-11,SZ002748,基础化工
2026-09-11,SZ300470,机械设备
2026-09-11,SH600280,商贸零售
2026-09-11,BJ920475,机械设备
2026-09-11,SZ002565,轻工制造
2026-09-11,SZ301287,轻工制造
2026-09-11,SZ000661,医药生物
2026-09-11,SZ300442,通信
2026-09-11,SZ300992,机械设备
2026-09-11,SH600777,石油石化
2026-09-11,SZ003040,通信
2026-09-11,SH688597,电力设备
2026-09-11,SH600282,钢铁
2026-09-11,SZ002176,电力设备
2026-09-11,SZ300951,电子
2026-09-11,SZ002212,计算机
2026-09-11,SZ000670,电子
2026-09-11,SZ301302,国防军工
2026-09-11,SH688225,计算机
2026-09-11,SZ002603,医药生物
2026-09-11,SH603657,家用电器
2026-09-11,SH688590,计算机
2026-09-11,SZ301000,汽车
2026-09-11,SZ000957,汽车
2026-09-11,SH688617,医药生物
2026-09-11,SZ300429,电子
2026-09-11,SZ301332,家用电器
2026-09-11,SH603997,汽车
2026-09-11,SZ300558,医药生物
2026-09-11,SH603615,轻工制造
2026-09-11,SH600908,银行
2026-09-11,SH605098,社会服务
2026-09-11,SH600168,环保
2026-09-11,SZ000697,国防军工
2026-09-11,BJ920810,机械设备
2026-09-11,SH600345,通信
2026-09-11,SZ301009,美容护理
2026-09-11,SH603387,医药生物
2026-09-11,SH600210,轻工制造
2026-09-11,SZ000550,汽车
2026-09-11,SH603086,基础化工
2026-09-11,SZ301456,电力设备
2026-09-11,SH603866,食品饮料
2026-09-11,BJ920493,计算机
2026-09-11,BJ920974,基础化工
2026-09-11,SZ301005,汽车
2026-09-11,SH603398,电力设备
2026-09-11,SH600874,环保
2026-09-11,SZ002379,有色金属
2026-09-11,BJ920198,计算机
2026-09-11,SH600888,有色金属
2026-09-11,SH600233,交通运输
2026-09-11,SZ300124,机械设备
2026-09-11,SH600900,公用事业
2026-09-11,SZ000813,医药生物
2026-09-11,SH603881,通信
2026-09-11,BJ920914,电力设备
2026-09-11,SH603707,医药生物
2026-09-11,SH600572,医药生物
2026-09-11,SH600693,商贸零售
2026-09-11,SZ002408,石油石化
2026-09-11,SH600807,综合
2026-09-11,SZ002990,计算机
2026-09-11,SZ002371,电子
2026-09-11,SH688450,电力设备
2026-09-11,SZ000513,医药生物
2026-09-11,SZ301696,电力设备
2026-09-11,SZ300173,电力设备
2026-09-11,SZ301222,电力设备
2026-09-11,SZ002128,煤炭
2026-09-11,SH603889,纺织服饰
2026-09-11,SH600503,房地产
2026-09-11,SZ301513,电力设备
2026-09-11,SH600117,钢铁
2026-09-11,SZ000541,家用电器
2026-09-11,SZ300192,社会服务
2026-09-11,SH600257,农林牧渔
2026-09-11,SZ000757,汽车
2026-09-11,SH600054,社会服务
2026-09-11,SZ300057,有色金属
2026-09-11,SH600850,计算机
2026-09-11,SZ002674,纺织服饰
2026-09-11,SZ001914,房地产
2026-09-11,BJ920405,机械设备
2026-09-11,SH688500,计算机
2026-09-11,SZ002688,农林牧渔
2026-09-11,SH688031,计算机
2026-09-11,SH601666,煤炭
2026-09-11,SZ002700,公用事业
2026-09-11,SH600982,公用事业
2026-09-11,SH603001,纺织服饰
2026-09-11,SZ300918,纺织服饰
2026-09-11,SZ002098,纺织服饰
2026-09-11,SZ001366,农林牧渔
2026-09-11,SZ002321,农林牧渔
2026-09-11,SZ002796,通信
2026-09-11,SH603079,基础化工
2026-09-11,SH688316,计算机
2026-09-11,SZ301510,机械设备
2026-09-11,SH603337,机械设备
2026-09-11,SZ002448,汽车
2026-09-11,SZ301133,汽车
2026-09-11,SZ002970,计算机
2026-09-11,SH688039,计算机
2026-09-11,SZ000812,轻工制造
2026-09-11,SZ301189,电子
2026-09-11,SZ002263,基础化工
2026-09-11,BJ920145,环保
2026-09-11,SZ002850,电力设备
2026-09-11,SZ002329,食品饮料
2026-09-11,SZ300343,基础化工
2026-09-11,SZ301024,建筑装饰
2026-09-11,SH688836,机械设备
2026-09-11,SZ301233,汽车
2026-09-11,SZ002706,电力设备
2026-09-11,SZ002965,汽车
2026-09-11,SH688681,电力设备
2026-09-11,SH603556,电力设备
2026-09-11,SZ301395,基础化工
2026-09-11,BJ920066,基础化工
2026-09-11,SZ000629,钢铁
2026-09-11,BJ920165,美容护理
2026-09-11,SZ002877,机械设备
2026-09-11,SH688163,医药生物
2026-09-11,SZ002927,电力设备
2026-09-11,SH603221,轻工制造
2026-09-11,SZ300688,社会服务
2026-09-11,SZ300587,基础化工
2026-09-11,SH600377,交通运输
2026-09-11,SH600756,计算机
2026-09-11,SZ002330,食品饮料
2026-09-11,SH688411,电力设备
2026-09-11,SZ300490,电力设备
2026-09-11,SH600992,机械设备
2026-09-11,SH600824,商贸零售
2026-09-11,SZ002233,建筑材料
2026-09-11,SZ301563,电子
2026-09-11,SH601998,银行
2026-09-11,SZ300949,建筑装饰
2026-09-11,SZ002533,电力设备
2026-09-11,SZ301325,电力设备
2026-09-11,SH600390,非银金融
2026-09-11,SH600470,基础化工
2026-09-11,SH688355,机械设备
2026-09-11,SZ301373,基础化工
2026-09-11,SZ301355,轻工制造
2026-09-11,SH603688,基础化工
2026-09-11,SH688300,基础化工
2026-09-11,SZ301396,计算机
2026-09-11,SH600397,机械设备
2026-09-11,SZ001696,机械设备
2026-09-11,SZ002045,电子
2026-09-11,SH600392,有色金属
2026-09-11,SZ300645,计算机
2026-09-11,SZ300841,医药生物
2026-09-11,SH688469,电子
2026-09-11,SH688508,电子
2026-09-11,SH688302,医药生物
2026-09-11,SH600032,公用事业
2026-09-11,SH603448,汽车
2026-09-11,SZ300007,机械设备
2026-09-11,SH600322,房地产
2026-09-11,SZ000426,有色金属
2026-09-11,SH600841,汽车
2026-09-11,SZ002239,汽车
2026-09-11,SZ000612,有色金属
2026-09-11,SZ002613,建筑材料
2026-09-11,SH603358,汽车
2026-09-11,SZ300849,美容护理
2026-09-11,SZ002429,家用电器
2026-09-11,SZ301300,基础化工
2026-09-11,SZ300796,基础化工
2026-09-11,SZ002563,纺织服饰
2026-09-11,SH600547,有色金属
2026-09-11,SH605259,机械设备
2026-09-11,SZ002638,家用电器
2026-09-11,SH601789,建筑装饰
2026-09-11,SZ001311,汽车
2026-09-11,SH603600,轻工制造
2026-09-11,SZ002001,基础化工
2026-09-11,SZ002348,轻工制造
2026-09-11,SZ300211,通信
2026-09-11,SZ301418,机械设备
2026-09-11,SH603198,食品饮料
2026-09-11,SH605180,纺织服饰
2026-09-11,SZ002107,医药生物
2026-09-11,SZ002421,计算机
2026-09-11,BJ920578,机械设备
2026-09-11,SH603070,电力设备
2026-09-11,SZ002801,电力设备
2026-09-11,SH600482,电力设备
2026-09-11,SH688755,医药生物
2026-09-11,SZ301285,电子
2026-09-11,SH600886,公用事业
2026-09-11,SZ001368,轻工制造
2026-09-11,SH601388,有色金属
2026-09-11,BJ920156,机械设备
2026-09-11,SZ002188,房地产
2026-09-11,SH603530,电力设备
2026-09-11,SH601118,农林牧渔
2026-09-11,SZ300219,电子
2026-09-11,SZ002174,传媒
2026-09-11,SH688768,机械设备
2026-09-11,SZ300953,电力设备
2026-09-11,SZ001309,电子
2026-09-11,SH603533,传媒
2026-09-11,SZ002809,基础化工
2026-09-11,SZ000001,银行
2026-09-11,SH600136,房地产
2026-09-11,SZ300791,食品饮料
2026-09-11,SZ301528,机械设备
2026-09-11,SZ301501,轻工制造
2026-09-11,SZ300292,通信
2026-09-11,SH600162,房地产
2026-09-11,SH601015,煤炭
2026-09-11,SH600790,商贸零售
2026-09-11,SZ301229,汽车
2026-09-11,SH601006,交通运输
2026-09-11,SH603045,有色金属
2026-09-11,SZ000715,商贸零售
2026-09-11,SH603833,轻工制造
2026-09-11,SZ002437,医药生物
2026-09-11,SZ300427,电力设备
2026-09-11,BJ920190,计算机
2026-09-11,SH603999,传媒
2026-09-11,SZ301129,机械设备
2026-09-11,SZ301308,电子
2026-09-11,SZ301053,机械设备
2026-09-11,SZ002471,电力设备
2026-09-11,SZ000695,电力设备
2026-09-11,BJ920087,农林牧渔
2026-09-11,SZ300948,建筑装饰
2026-09-11,SH688004,计算机
2026-09-11,SH688032,电力设备
2026-09-11,SH603025,机械设备
2026-09-11,SH603385,轻工制造
2026-09-11,SZ000919,医药生物
2026-09-11,SZ300122,医药生物
2026-09-11,BJ920011,电力设备
2026-09-11,SZ301298,汽车
2026-09-11,SH601878,非银金融
2026-09-11,BJ920237,电力设备
2026-09-11,SH688548,电子
2026-09-11,SZ002479,公用事业
2026-09-11,SH688679,环保
2026-09-11,SH688015,机械设备
2026-09-11,SZ301268,机械设备
2026-09-11,BJ920166,医药生物
2026-09-11,SZ300388,环保
2026-09-11,SH600876,建筑材料
2026-09-11,SZ000950,医药生物
2026-09-11,SZ300354,机械设备
2026-09-11,SZ002559,机械设备
2026-09-11,SZ001237,机械设备
2026-09-11,SH603990,计算机
2026-09-11,SZ300707,汽车
2026-09-11,SZ002872,医药生物
2026-09-11,SH603883,医药生物
2026-09-11,SH600509,公用事业
2026-09-11,SH688788,国防军工
2026-09-11,BJ920694,基础化工
2026-09-11,SH600805,综合
2026-09-11,SZ000909,房地产
2026-09-11,SZ002189,国防军工
2026-09-11,SZ002940,医药生物
2026-09-11,SZ300628,通信
2026-09-11,SH600251,农林牧渔
2026-09-11,SZ300750,电力设备
2026-09-11,BJ920187,汽车
2026-09-11,SZ002460,有色金属
2026-09-11,SZ300578,通信
2026-09-11,SZ000819,石油石化
2026-09-11,SZ300341,医药生物
2026-09-11,SH600721,医药生物
2026-09-11,BJ920871,汽车
2026-09-11,SH688393,医药生物
2026-09-11,SZ301526,建筑材料
2026-09-11,SZ002009,机械设备
2026-09-11,SH600988,有色金属
2026-09-11,SZ301279,机械设备
2026-09-11,SZ002083,纺织服饰
2026-09-11,SH600259,有色金属
2026-09-11,SZ000519,国防军工
2026-09-11,SZ002512,计算机
2026-09-11,SZ300414,通信
2026-09-11,SZ002204,机械设备
2026-09-11,SH688231,有色金属
2026-09-11,SH605189,纺织服饰
2026-09-11,SH603218,电力设备
2026-09-11,SZ300497,医药生物
2026-09-11,SZ001259,家用电器
2026-09-11,SH688456,有色金属
2026-09-11,SZ301139,通信
2026-09-11,SH688033,机械设备
2026-09-11,SZ301183,电子
2026-09-11,SZ000783,非银金融
2026-09-11,SZ002265,汽车
2026-09-11,SZ301078,商贸零售
2026-09-11,SH688557,机械设备
2026-09-11,SZ002323,建筑装饰
2026-09-11,SH603293,汽车
2026-09-11,SZ301033,医药生物
2026-09-11,SZ000789,建筑材料
2026-09-11,SH605338,食品饮料
2026-09-11,SH603004,基础化工
2026-09-11,SZ300346,电子
2026-09-11,SH601333,交通运输
2026-09-11,SZ000676,传媒
2026-09-11,SH603798,石油石化
2026-09-11,SH688150,电子
2026-09-11,BJ920640,通信
2026-09-11,SZ300606,机械设备
2026-09-11,SZ301061,轻工制造
2026-09-11,SH601199,环保
2026-09-11,SZ300079,计算机
2026-09-11,SZ000898,钢铁
2026-09-11,SH600675,房地产
2026-09-11,SZ300050,社会服务
2026-09-11,SZ003025,机械设备
2026-09-11,BJ920378,汽车
2026-09-11,SH603726,家用电器
2026-09-11,SH603360,基础化工
2026-09-11,BJ920642,国防军工
2026-09-11,SH688182,通信
2026-09-11,SH605199,医药生物
2026-09-11,SH603558,纺织服饰
2026-09-11,SZ300838,机械设备
2026-09-11,SZ002757,机械设备
2026-09-11,SH600388,环保
2026-09-11,SZ002423,非银金融
2026-09-11,SZ300333,计算机
2026-09-11,SZ300732,建筑装饰
2026-09-11,SZ000050,电子
2026-09-11,SZ301111,医药生物
2026-09-11,BJ920961,机械设备
2026-09-11,SH688165,机械设备
2026-09-11,SZ002548,农林牧渔
2026-09-11,SH603223,石油石化
2026-09-11,SH600518,医药生物
2026-09-11,SZ002295,有色金属
2026-09-11,SZ300267,医药生物
2026-09-11,SZ000592,农林牧渔
2026-09-11,BJ920407,机械设备
2026-09-11,SZ002157,农林牧渔
2026-09-11,SZ000936,基础化工
2026-09-11,SH600826,社会服务
2026-09-11,SZ001205,交通运输
2026-09-11,SH603036,机械设备
2026-09-11,SZ301592,国防军工
2026-09-11,SZ300403,家用电器
2026-09-11,SH603915,机械设备
2026-09-11,SH603686,环保
2026-09-11,SH688790,电子
2026-09-11,SH605058,电子
2026-09-11,SH600328,基础化工
2026-09-11,SZ301580,医药生物
2026-09-11,SH600530,食品饮料
2026-09-11,SH601156,交通运输
2026-09-11,SZ002949,建筑装饰
2026-09-11,SH688109,计算机
2026-09-11,SZ300843,电子
2026-09-11,SH601136,非银金融
2026-09-11,SZ002696,农林牧渔
2026-09-11,SZ300695,汽车
2026-09-11,SZ301106,电子
2026-09-11,SH601229,银行
2026-09-11,BJ920579,机械设备
2026-09-11,SZ001288,机械设备
2026-09-11,SZ300009,医药生物
2026-09-11,SZ002715,汽车
2026-09-11,BJ920086,汽车
2026-09-11,SZ000428,社会服务
2026-09-11,BJ920000,汽车
2026-09-11,SZ301117,计算机
2026-09-11,SZ002738,有色金属
2026-09-11,SZ000928,建筑装饰
2026-09-11,SH603356,机械设备
2026-09-11,SZ002258,基础化工
2026-09-11,SZ000750,非银金融
2026-09-11,SH600433,轻工制造
2026-09-11,SH688565,环保
2026-09-11,SZ301251,电子
2026-09-11,SH688775,电子
2026-09-11,SZ300567,机械设备
2026-09-11,SZ000401,建筑材料
2026-09-11,SH600545,机械设备
2026-09-11,SH600653,汽车
2026-09-11,SH600386,汽车
2026-09-11,SH688623,机械设备
2026-09-11,SZ001313,农林牧渔
2026-09-11,SZ300342,家用电器
2026-09-11,SZ002346,电力设备
2026-09-11,SZ300294,医药生物
2026-09-11,SH605378,电力设备
2026-09-11,SZ002134,电子
2026-09-11,BJ920931,机械设备
2026-09-11,SZ300946,机械设备
2026-09-11,SZ301321,电子
2026-09-11,SH600593,社会服务
2026-09-11,SH601717,机械设备
2026-09-11,SZ001396,建筑装饰
2026-09-11,SH688757,社会服务
2026-09-11,SH600129,医药生物
2026-09-11,SZ002392,建筑材料
2026-09-11,SZ300298,医药生物
2026-09-11,SH600236,公用事业
2026-09-11,SH601077,银行
2026-09-11,SZ300218,基础化工
2026-09-11,SZ300152,环保
2026-09-11,SH688199,基础化工
2026-09-11,SH603839,纺织服饰
2026-09-11,SZ301613,汽车
2026-09-11,SH600121,煤炭
2026-09-11,SZ300106,食品饮料
2026-09-11,SH600055,医药生物
2026-09-11,SZ002182,有色金属
2026-09-11,SH600071,电子
2026-09-11,SZ300987,传媒
2026-09-11,SZ000717,钢铁
2026-09-11,SZ001390,纺织服饰
2026-09-11,SH600036,银行
2026-09-11,SZ300955,美容护理
2026-09-11,BJ920885,机械设备
2026-09-11,SZ300290,计算机
2026-09-11,SH603885,交通运输
2026-09-11,SH601618,建筑装饰
2026-09-11,SZ001268,家用电器
2026-09-11,SH688522,国防军工
2026-09-11,SZ301162,计算机
2026-09-11,SZ300037,电力设备
2026-09-11,SH603092,电力设备
2026-09-11,SZ002075,钢铁
2026-09-11,SZ002500,非银金融
2026-09-11,SZ002254,基础化工
2026-09-11,SZ300314,医药生物
2026-09-11,SH603697,食品饮料
2026-09-11,SH603738,电子
2026-09-11,BJ920128,电子
2026-09-11,SH688321,医药生物
2026-09-11,SH600481,电力设备
2026-09-11,SH688089,基础化工
2026-09-11,BJ920978,汽车
2026-09-11,SZ002991,食品饮料
2026-09-11,BJ920168,汽车
2026-09-11,SZ301083,机械设备
2026-09-11,SZ002375,建筑装饰
2026-09-11,SH600734,通信
2026-09-11,SZ002650,食品饮料
2026-09-11,SZ301509,医药生物
2026-09-11,SZ300128,电子
2026-09-11,SH600300,食品饮料
2026-09-11,SZ300708,电子
2026-09-11,SH688081,国防军工
2026-09-11,BJ920964,农林牧渔
2026-09-11,SH603803,通信
2026-09-11,SZ002272,机械设备
2026-09-11,SH603569,交通运输
2026-09-11,SH600626,汽车
2026-09-11,SH601928,传媒
2026-09-11,SZ000545,基础化工
2026-09-11,SH600097,农林牧渔
2026-09-11,SZ002514,机械设备
2026-09-11,SH603163,建筑装饰
2026-09-11,SH601958,有色金属
2026-09-11,SZ002878,传媒
2026-09-11,SZ002597,基础化工
2026-09-11,SZ300097,机械设备
2026-09-11,BJ920873,建筑装饰
2026-09-11,SH600479,医药生物
2026-09-11,SH600716,房地产
2026-09-11,SH688112,机械设备
2026-09-11,SZ300304,汽车
2026-09-11,SH688611,电力设备
2026-09-11,SH600986,传媒
2026-09-11,SH600415,商贸零售
2026-09-11,SZ300622,商贸零售
2026-09-11,SH688126,电子
2026-09-11,SH600008,环保
2026-09-11,SH603299,基础化工
2026-09-11,SZ002103,轻工制造
2026-09-11,SZ002775,建筑装饰
2026-09-11,SH688488,医药生物
2026-09-11,SZ301365,建筑装饰
2026-09-11,SZ002100,农林牧渔
2026-09-11,SZ002952,电子
2026-09-11,SZ301137,机械设备
2026-09-11,SH603488,机械设备
2026-09-11,SH600373,传媒
2026-09-11,SZ002267,公用事业
2026-09-11,SH603500,机械设备
2026-09-11,SZ301076,基础化工
2026-09-11,SZ300327,电子
2026-09-11,SZ002752,轻工制造
2026-09-11,SH688307,电子
2026-09-11,SZ301206,基础化工
2026-09-11,SH603982,汽车
2026-09-11,SH688708,国防军工
2026-09-11,SZ300592,商贸零售
2026-09-11,SZ002582,食品饮料
2026-09-11,SZ002572,轻工制造
2026-09-11,SH603655,汽车
2026-09-11,BJ920059,汽车
2026-09-11,SH603375,电子
2026-09-11,SZ301048,机械设备
2026-09-11,SH600831,传媒
2026-09-11,BJ920403,农林牧渔
2026-09-11,SH603158,汽车
2026-09-11,SZ300519,医药生物
2026-09-11,SZ300546,计算机
2026-09-11,SZ002542,建筑装饰
2026-09-11,SH600795,公用事业
2026-09-11,SZ301161,机械设备
2026-09-11,SH601339,纺织服饰
2026-09-11,BJ920429,食品饮料
2026-09-11,SZ002361,基础化工
2026-09-11,SZ002148,通信
2026-09-11,SZ300711,通信
2026-09-11,SH600839,家用电器
2026-09-11,SH605050,交通运输
2026-09-11,SZ300658,美容护理
2026-09-11,BJ920100,电力设备
2026-09-11,SH688215,机械设备
2026-09-11,SZ301338,机械设备
2026-09-11,SH605266,医药生物
2026-09-11,SH603878,钢铁
2026-09-11,SZ002172,医药生物
2026-09-11,SH600743,房地产
2026-09-11,SZ300252,国防军工
2026-09-11,SZ301566,电子
2026-09-11,SH600261,家用电器
2026-09-11,SH603766,汽车
2026-09-11,BJ920099,基础化工
2026-09-11,SZ300289,医药生物
2026-09-11,SZ002943,机械设备
2026-09-11,SZ301632,社会服务
2026-09-11,SH601799,汽车
2026-09-11,SZ000062,电子
2026-09-11,BJ920130,计算机
2026-09-11,SH603678,国防军工
2026-09-11,SH601236,非银金融
2026-09-11,SH600176,建筑材料
2026-09-11,SZ300935,计算机
2026-09-11,SH600326,建筑材料
2026-09-11,SH600269,交通运输
2026-09-11,SZ002995,传媒
2026-09-11,SH688059,机械设备
2026-09-11,BJ920132,轻工制造
2026-09-11,SZ002284,汽车
2026-09-11,SZ002617,公用事业
2026-09-11,SH603316,电子
2026-09-11,SH601138,电子
2026-09-11,SZ002467,通信
2026-09-11,SZ301108,美容护理
2026-09-11,SZ000407,公用事业
2026-09-11,SZ002029,纺织服饰
2026-09-11,SH600655,商贸零售
2026-09-11,SZ002367,机械设备
2026-09-11,SZ300348,计算机
2026-09-11,SH600623,基础化工
2026-09-11,SH600926,银行
2026-09-11,SH600998,医药生物
2026-09-11,SH601816,交通运输
2026-09-11,SZ002302,建筑材料
2026-09-11,SZ002132,机械设备
2026-09-11,SZ000810,家用电器
2026-09-11,SH603062,基础化工
2026-09-11,SH688567,电力设备
2026-09-11,SZ301246,医药生物
2026-09-11,SZ301393,医药生物
2026-09-11,SZ002077,电子
2026-09-11,SH601066,非银金融
2026-09-11,SZ002692,电力设备
2026-09-11,SZ301197,机械设备
2026-09-11,SZ300511,农林牧渔
2026-09-11,SZ001326,家用电器
2026-09-11,SZ300188,计算机
2026-09-11,SZ002344,商贸零售
2026-09-11,SZ301038,建筑装饰
2026-09-11,SZ300804,基础化工
2026-09-11,SZ300506,建筑装饰
2026-09-11,SZ300387,基础化工
2026-09-11,SZ002676,家用电器
2026-09-11,SH600847,电力设备
2026-09-11,SH688331,医药生物
2026-09-11,SH600234,建筑装饰
2026-09-11,SZ002010,交通运输
2026-09-11,SH600478,电力设备
2026-09-11,SH605011,公用事业
2026-09-11,SH603072,有色金属
2026-09-11,SZ000711,环保
2026-09-11,SZ002855,电子
2026-09-11,SZ301256,基础化工
2026-09-11,SZ300465,计算机
2026-09-11,SZ002390,医药生物
2026-09-11,SH688187,机械设备
2026-09-11,SH600496,建筑装饰
2026-09-11,SZ300180,基础化工
2026-09-11,SH600105,通信
2026-09-11,SZ301260,机械设备
2026-09-11,SH600123,煤炭
2026-09-11,SZ003036,机械设备
2026-09-11,SZ002062,建筑装饰
2026-09-11,SZ000655,钢铁
2026-09-11,SH600657,房地产
2026-09-11,SH600073,食品饮料
2026-09-11,SZ300989,建筑装饰
2026-09-11,SH603049,汽车
2026-09-11,SZ000959,钢铁
2026-09-11,SH688598,基础化工
2026-09-11,SZ301269,计算机
2026-09-11,BJ920786,食品饮料
2026-09-11,SH688609,家用电器
2026-09-11,SH688686,机械设备
2026-09-11,SH605389,机械设备
2026-09-11,SZ300451,计算机
2026-09-11,SZ000012,建筑材料
2026-09-11,SZ001266,机械设备
2026-09-11,SZ000779,建筑装饰
2026-09-11,SH600426,基础化工
2026-09-11,SZ300035,电力设备
2026-09-11,SZ300395,国防军工
2026-09-11,SH688639,基础化工
2026-09-11,SZ002335,电力设备
2026-09-11,SZ301012,电力设备
2026-09-11,SZ300633,医药生物
2026-09-11,SZ002971,基础化工
2026-09-11,SZ300692,环保
2026-09-11,SH688266,医药生物
2026-09-11,SZ301275,电子
2026-09-11,SZ300153,电力设备
2026-09-11,SH688247,医药生物
2026-09-11,SH603950,汽车
2026-09-11,SZ301168,电力设备
2026-09-11,SH603598,传媒
2026-09-11,SH688350,基础化工
2026-09-11,SZ300048,机械设备
2026-09-11,SZ300713,电力设备
2026-09-11,SH600597,食品饮料
2026-09-11,SZ000635,基础化工
2026-09-11,BJ920273,农林牧渔
2026-09-11,SZ300877,纺织服饰
2026-09-11,SZ000902,基础化工
2026-09-11,SZ002040,交通运输
2026-09-11,SZ301586,国防军工
2026-09-11,SH688535,电子
2026-09-11,SZ002474,计算机
2026-09-11,SZ002588,基础化工
2026-09-11,SH600000,银行
2026-09-11,SZ003015,电子
2026-09-11,SZ002250,基础化工
2026-09-11,SZ000422,基础化工
2026-09-11,SZ002827,基础化工
2026-09-11,SZ300081,通信
2026-09-11,SZ300624,计算机
2026-09-11,SH600332,医药生物
2026-09-11,SH603268,国防军工
2026-09-11,SZ002516,汽车
2026-09-11,SH600360,电子
2026-09-11,SZ300456,电子
2026-09-11,SZ301552,汽车
2026-09-11,SZ002373,计算机
2026-09-11,SH600143,基础化工
2026-09-11,SZ002051,建筑装饰
2026-09-11,SH688613,医药生物
2026-09-11,SH600984,机械设备
2026-09-11,SZ300076,电子
2026-09-11,SZ002227,电力设备
2026-09-11,SZ002484,电子
2026-09-11,SH600006,汽车
2026-09-11,SH601059,非银金融
2026-09-11,SH688158,计算机
2026-09-11,SZ301590,电力设备
2026-09-11,SH605376,有色金属
2026-09-11,SH603968,基础化工
2026-09-11,SZ000021,电子
2026-09-11,SZ300890,电力设备
2026-09-11,SH600409,基础化工
2026-09-11,SH600930,公用事业
2026-09-11,SH600371,农林牧渔
2026-09-11,SZ000668,房地产
2026-09-11,SH688290,机械设备
2026-09-11,SH600770,综合
2026-09-11,SH600028,石油石化
2026-09-11,SZ300554,机械设备
2026-09-11,SZ300644,基础化工
2026-09-11,SZ002419,商贸零售
2026-09-11,SH688309,环保
2026-09-11,SZ300788,传媒
2026-09-11,SZ002664,汽车
2026-09-11,SH603768,汽车
2026-09-11,SZ300600,国防军工
2026-09-11,SH688733,电力设备
2026-09-11,SH600857,商贸零售
2026-09-11,SZ300825,汽车
2026-09-11,SZ000593,公用事业
2026-09-11,SH600379,电力设备
2026-09-11,SZ000868,汽车
2026-09-11,SH603377,社会服务
2026-09-11,SZ300736,电子
2026-09-11,SZ002585,基础化工
2026-09-11,SZ002758,基础化工
2026-09-11,SH601226,建筑装饰
2026-09-11,SH603040,汽车
2026-09-11,SZ300548,通信
2026-09-11,SH688377,机械设备
2026-09-11,SZ002577,计算机
2026-09-11,SZ301299,传媒
2026-09-11,SZ002941,建筑装饰
2026-09-11,SZ000601,公用事业
2026-09-11,SH688289,医药生物
2026-09-11,SH600745,电子
2026-09-11,SZ300982,建筑装饰
2026-09-11,SZ002352,交通运输
2026-09-11,SZ300258,汽车
2026-09-11,SZ300229,计算机
2026-09-11,SH605287,建筑装饰
2026-09-11,SZ002049,电子
2026-09-11,SZ300550,计算机
2026-09-11,SZ301511,电力设备
2026-09-11,SH688202,医药生物
2026-09-11,SH603876,有色金属
2026-09-11,SH603005,电子
2026-09-11,SH601106,机械设备
2026-09-11,SZ301439,电力设备
2026-09-11,SZ300730,计算机
2026-09-11,SZ002658,环保
2026-09-11,SH600276,医药生物
2026-09-11,SZ000776,非银金融
2026-09-11,SH603278,机械设备
2026-09-11,SH603408,轻工制造
2026-09-11,SH603120,基础化工
2026-09-11,SZ002686,机械设备
2026-09-11,SZ002657,计算机
2026-09-11,SH600405,电力设备
2026-09-11,SH603161,汽车
2026-09-11,SZ300678,计算机
2026-09-11,SZ301102,传媒
2026-09-11,SH688012,电子
2026-09-11,SH600178,汽车
2026-09-11,SH605599,纺织服饰
2026-09-11,SH600760,国防军工
2026-09-11,SH688528,机械设备
2026-09-11,SZ002997,汽车
2026-09-11,SZ300433,电子
2026-09-11,SH603096,传媒
2026-09-11,SZ002945,非银金融
2026-09-11,SZ301218,计算机
2026-09-11,SZ300755,商贸零售
2026-09-11,SH601567,电力设备
2026-09-11,SZ002465,国防军工
2026-09-11,SH600689,综合
2026-09-11,SH688082,电子
2026-09-11,SH601599,纺织服饰
2026-09-11,SZ002027,传媒
2026-09-11,SH601126,电力设备
2026-09-11,SH600864,非银金融
2026-09-11,SZ002387,电子
2026-09-11,SZ300933,电力设备
2026-09-11,SZ002086,农林牧渔
2026-09-11,SZ000972,农林牧渔
2026-09-11,SZ300454,计算机
2026-09-11,SZ000421,综合
2026-09-11,SZ000821,电力设备
2026-09-11,SZ002287,医药生物
2026-09-11,SH601512,房地产
2026-09-11,SH688796,医药生物
2026-09-11,SH600681,公用事业
2026-09-11,SH688041,电子
2026-09-11,SH603708,商贸零售
2026-09-11,SZ002690,机械设备
2026-09-11,SH603078,电子
2026-09-11,SZ000901,汽车
2026-09-11,SZ300569,电力设备
2026-09-11,BJ920807,机械设备
2026-09-11,SH601956,家用电器
2026-09-11,SZ300806,基础化工
2026-09-11,SZ300463,医药生物
2026-09-11,SH603535,交通运输
2026-09-11,SH600103,轻工制造
2026-09-11,SZ002226,基础化工
2026-09-11,SZ000573,房地产
2026-09-11,SZ300365,计算机
2026-09-11,SZ300182,传媒
2026-09-11,SH601880,交通运输
2026-09-11,SZ002889,交通运输
2026-09-11,SH600064,房地产
2026-09-11,SZ300983,建筑装饰
2026-09-11,SZ300775,国防军工
2026-09-11,SH688050,医药生物
2026-09-11,SZ002857,电力设备
2026-09-11,SZ300901,纺织服饰
2026-09-11,SH688376,环保
2026-09-11,SH600356,轻工制造
2026-09-11,SH600729,商贸零售
2026-09-11,BJ920121,轻工制造
2026-09-11,SH603927,计算机
2026-09-11,SZ301090,基础化工
2026-09-11,SZ002703,汽车
2026-09-11,SZ301502,电力设备
2026-09-11,SH603308,机械设备
2026-09-11,SZ300909,电子
2026-09-11,SZ000055,建筑材料
2026-09-11,SZ301116,农林牧渔
2026-09-11,SZ300145,机械设备
2026-09-11,SH688160,机械设备
2026-09-11,SZ002014,轻工制造
2026-09-11,SH601100,机械设备
2026-09-11,SZ301177,纺织服饰
2026-09-11,SZ300033,计算机
2026-09-11,SZ002824,有色金属
2026-09-11,SH603190,汽车
2026-09-11,SZ301051,电子
2026-09-11,SZ000633,有色金属
2026-09-11,SZ300266,环保
2026-09-11,SZ300318,医药生物
2026-09-11,SZ000333,家用电器
2026-09-11,SZ300656,电子
2026-09-11,SH600568,医药生物
2026-09-11,SZ300022,商贸零售
2026-09-11,SZ300571,通信
2026-09-11,SH601000,交通运输
2026-09-11,SH603828,建筑装饰
2026-09-11,SH603194,机械设备
2026-09-11,BJ920076,建筑材料
2026-09-11,SZ300376,电力设备
2026-09-11,SZ301370,医药生物
2026-09-11,SH603685,电子
2026-09-11,SZ002724,家用电器
2026-09-11,SZ300883,轻工制造
2026-09-11,SZ300664,环保
2026-09-11,SH688171,计算机
2026-09-11,SZ002556,农林牧渔
2026-09-11,SH603167,交通运输
2026-09-11,SH603138,计算机
2026-09-11,SZ300579,计算机
2026-09-11,SZ300573,医药生物
2026-09-11,SH688776,国防军工
2026-09-11,SH600526,环保
2026-09-11,SH600712,商贸零售
2026-09-11,SZ002917,基础化工
2026-09-11,SZ002221,石油石化
2026-09-11,SH688102,有色金属
2026-09-11,SH603638,机械设备
2026-09-11,SZ300972,商贸零售
2026-09-11,SH605218,电子
2026-09-11,SH600172,机械设备
2026-09-11,BJ920300,医药生物
2026-09-11,SH601211,非银金融
2026-09-11,SZ301361,电力设备
2026-09-11,SZ001215,食品饮料
2026-09-11,SZ300640,轻工制造
2026-09-11,SH600141,基础化工
2026-09-11,SZ300840,纺织服饰
2026-09-11,SH600540,农林牧渔
2026-09-11,SZ300472,机械设备
2026-09-11,SZ000721,社会服务
2026-09-11,SH688720,电子
2026-09-11,SH600011,公用事业
2026-09-11,SZ300580,汽车
2026-09-11,SH600004,交通运输
2026-09-11,SZ300260,机械设备
2026-09-11,SH603626,电子
2026-09-11,SZ301202,通信
2026-09-11,SZ301369,电子
2026-09-11,SH600313,农林牧渔
2026-09-11,SH600679,汽车
2026-09-11,SH601002,机械设备
2026-09-11,SZ300507,汽车
2026-09-11,SH600149,公用事业
2026-09-11,SZ002925,电子
2026-09-11,SZ002510,汽车
2026-09-11,SH603517,食品饮料
2026-09-11,SH600366,有色金属
2026-09-11,SZ002636,电子
2026-09-11,SH603368,医药生物
2026-09-11,SZ300776,电力设备
2026-09-11,SZ002747,机械设备
2026-09-11,SZ002630,电力设备
2026-09-11,SZ300786,环保
2026-09-11,BJ920957,基础化工
2026-09-11,SH600559,食品饮料
2026-09-11,SH600557,医药生物
2026-09-11,BJ920351,交通运输
2026-09-11,SH600855,国防军工
2026-09-11,SZ002358,电力设备
2026-09-11,SZ300223,电子
2026-09-11,SH600488,医药生物
2026-09-11,SZ000788,医药生物
2026-09-11,SZ002413,国防军工
2026-09-11,SH688022,机械设备
2026-09-11,SH605123,国防军工
2026-09-11,SH688062,医药生物
2026-09-11,SH600551,传媒
2026-09-11,SZ000603,有色金属
2026-09-11,SH603506,房地产
2026-09-11,SH600228,传媒
2026-09-11,SZ002198,医药生物
2026-09-11,SZ000510,基础化工
2026-09-11,BJ920471,基础化工
2026-09-11,SZ002144,纺织服饰
2026-09-11,SH603825,传媒
2026-09-11,BJ920020,汽车
2026-09-11,SZ300941,计算机
2026-09-11,SH600866,基础化工
2026-09-11,SZ300604,电子
2026-09-11,SH600791,房地产
2026-09-11,SH601186,建筑装饰
2026-09-11,SZ001209,纺织服饰
2026-09-11,SZ002977,国防军工
2026-09-11,BJ920230,医药生物
2026-09-11,SZ000528,机械设备
2026-09-11,SZ300821,基础化工
2026-09-11,SH600089,电力设备
2026-09-11,SH603053,公用事业
2026-09-11,SH601298,交通运输
2026-09-11,SZ300439,医药生物
2026-09-11,BJ920792,建筑材料
2026-09-11,SZ002655,电子
2026-09-11,SH603312,电力设备
2026-09-11,SZ002190,汽车
2026-09-11,SZ002463,电子
2026-09-11,SZ301538,基础化工
2026-09-11,SZ001201,农林牧渔
2026-09-11,SH600305,食品饮料
2026-09-11,SH601689,汽车
2026-09-11,SZ002916,电子
2026-09-11,SZ002833,机械设备
2026-09-11,SZ002246,基础化工
2026-09-11,SZ301617,基础化工
2026-09-11,SZ301602,医药生物
2026-09-11,SZ002999,基础化工
2026-09-11,SH603272,轻工制造
2026-09-11,SH688013,医药生物
2026-09-11,SH688335,环保
2026-09-11,SZ301216,基础化工
2026-09-11,SZ001220,交通运输
2026-09-11,SH688095,计算机
2026-09-11,SZ000035,环保
2026-09-11,SH688006,电力设备
2026-09-11,SZ300529,医药生物
2026-09-11,SH688018,电子
2026-09-11,SZ002025,国防军工
2026-09-11,SH600662,社会服务
2026-09-11,SZ002385,农林牧渔
2026-09-11,SZ000785,商贸零售
2026-09-11,BJ920269,汽车
2026-09-11,SZ301386,电力设备
2026-09-11,SZ002906,汽车
2026-09-11,SZ000823,电子
2026-09-11,SH600810,基础化工
2026-09-11,BJ920663,汽车
2026-09-11,SZ300502,通信
2026-09-11,SZ002591,基础化工
2026-09-11,SZ002762,纺织服饰
2026-09-11,SZ002767,机械设备
2026-09-11,SZ300638,通信
2026-09-11,SH688314,医药生物
2026-09-11,SZ002883,建筑装饰
2026-09-11,SZ301131,基础化工
2026-09-11,SH600873,基础化工
2026-09-11,SZ300527,国防军工
2026-09-11,SH603700,机械设备
2026-09-11,BJ920012,电子
2026-09-11,SH688295,基础化工
2026-09-11,SH600775,通信
2026-09-11,SH600101,公用事业
2026-09-11,SH601021,交通运输
2026-09-11,SZ301092,基础化工
2026-09-11,SZ302132,国防军工
2026-09-11,SZ300062,电力设备
2026-09-11,SZ002091,商贸零售
2026-09-11,SH603285,基础化工
2026-09-11,SH688159,通信
2026-09-11,SZ000620,房地产
2026-09-11,SH600109,非银金融
2026-09-11,SH603605,美容护理
2026-09-11,BJ920061,机械设备
2026-09-11,SZ300059,非银金融
2026-09-11,SZ301068,环保
2026-09-11,SZ300246,医药生物
2026-09-11,SZ002773,医药生物
2026-09-11,SZ002218,公用事业
2026-09-11,SZ000089,交通运输
2026-09-11,SH601117,建筑装饰
2026-09-11,SH603306,汽车
2026-09-11,SZ002933,国防军工
2026-09-11,SZ000415,非银金融
2026-09-11,SZ301123,电子
2026-09-11,SZ002003,纺织服饰
2026-09-11,SZ000811,机械设备
2026-09-11,BJ920069,医药生物
2026-09-11,SZ002293,纺织服饰
2026-09-11,SZ002840,食品饮料
2026-09-11,SZ000631,公用事业
2026-09-11,SZ002975,机械设备
2026-09-11,SZ300095,机械设备
2026-09-11,SH601155,房地产
2026-09-11,BJ920491,电子
2026-09-11,SZ002798,轻工制造
2026-09-11,SH603127,医药生物
2026-09-11,SZ300588,计算机
2026-09-11,SZ002206,基础化工
2026-09-11,SH688273,医药生物
2026-09-11,SZ300043,传媒
2026-09-11,SZ301127,环保
2026-09-11,SZ001332,机械设备
2026-09-11,SZ301201,医药生物
2026-09-11,SZ300722,国防军工
2026-09-11,SZ300065,国防军工
2026-09-11,SZ002726,食品饮料
2026-09-11,SH605060,机械设备
2026-09-11,SZ300102,电子
2026-09-11,SZ300666,电子
2026-09-11,SH688173,电子
2026-09-11,SZ002558,传媒
2026-09-11,BJ920454,汽车
2026-09-11,SH688337,机械设备
2026-09-11,SH600528,机械设备
2026-09-11,SZ301089,医药生物
2026-09-11,SZ300275,计算机
2026-09-11,SZ301010,建筑材料
2026-09-11,SZ300070,环保
2026-09-11,SH603897,电力设备
2026-09-11,SH601929,传媒
2026-09-11,SH600650,交通运输
2026-09-11,SZ300171,医药生物
2026-09-11,SZ002223,医药生物
2026-09-11,SH600298,食品饮料
2026-09-11,SH600501,机械设备
2026-09-11,SZ300833,机械设备
2026-09-11,SZ000809,电力设备
2026-09-11,SH603639,基础化工
2026-09-11,SH603666,机械设备
2026-09-11,SH688576,医药生物
2026-09-11,SZ002528,计算机
2026-09-11,SH600115,交通运输
2026-09-11,SZ001217,基础化工
2026-09-11,SH605068,汽车
2026-09-11,SH600338,有色金属
2026-09-11,SZ000920,基础化工
2026-09-11,SH600052,公用事业
2026-09-11,SH603066,交通运输
2026-09-11,SZ000736,房地产
2026-09-11,SH605179,食品饮料
2026-09-11,SH600017,交通运输
2026-09-11,SZ300978,汽车
2026-09-11,SZ002300,电力设备
2026-09-11,SZ300969,汽车
2026-09-11,SH688305,机械设备
2026-09-11,SZ300137,环保
2026-09-11,SH600649,房地产
2026-09-11,SZ300160,家用电器
2026-09-11,SH603016,电力设备
2026-09-11,BJ920003,建筑装饰
2026-09-11,SZ301235,医药生物
2026-09-11,SH688646,机械设备
2026-09-11,SH603339,机械设备
2026-09-11,SZ300778,建筑装饰
2026-09-11,SZ300845,计算机
2026-09-11,SZ002415,计算机
2026-09-11,SZ301263,医药生物
2026-09-11,SZ002900,医药生物
2026-09-11,SH601633,汽车
2026-09-11,BJ920249,通信
2026-09-11,SZ002496,基础化工
2026-09-11,SH600641,电子
2026-09-11,SZ000605,环保
2026-09-11,SH601668,建筑装饰
2026-09-11,SH688737,汽车
2026-09-11,SH600617,公用事业
2026-09-11,SZ002356,商贸零售
2026-09-11,BJ920436,汽车
2026-09-11,SH688826,机械设备
2026-09-11,SZ002841,电子
2026-09-11,SH601368,环保
2026-09-11,SZ300602,电子
2026-09-11,SZ001386,轻工制造
2026-09-11,SZ301295,电力设备
2026-09-11,BJ920152,电力设备
2026-09-11,SH600226,公用事业
2026-09-11,BJ920599,机械设备
2026-09-11,SZ300142,医药生物
2026-09-11,SH600272,医药生物
2026-09-11,SZ002849,机械设备
2026-09-11,SH603991,电子
2026-09-11,SZ300686,电子
2026-09-11,SZ002653,医药生物
2026-09-11,SH600611,交通运输
2026-09-11,SZ301307,机械设备
2026-09-11,SZ002859,电子
2026-09-11,SZ301392,机械设备
2026-09-11,SZ300834,基础化工
2026-09-11,SZ002887,环保
2026-09-11,SZ002839,银行
2026-09-11,SZ300130,计算机
2026-09-11,SZ002006,机械设备
2026-09-11,SZ301050,国防军工
2026-09-11,SH603055,纺织服饰
2026-09-11,SZ002993,电子
2026-09-11,SZ002531,电力设备
2026-09-11,SH601886,建筑装饰
2026-09-11,SZ300437,环保
2026-09-11,SZ002181,传媒
2026-09-11,SH688357,基础化工
2026-09-11,SH688116,电力设备
2026-09-11,BJ920748,计算机
2026-09-11,SZ001278,汽车
2026-09-11,SH688385,电子
2026-09-11,SH600694,商贸零售
2026-09-11,SZ001203,钢铁
2026-09-11,SH600307,钢铁
2026-09-11,BJ920895,机械设备
2026-09-11,SZ002047,建筑装饰
2026-09-11,SH688625,基础化工
2026-09-11,SZ002831,轻工制造
2026-09-11,SZ002244,房地产
2026-09-11,SZ002279,计算机
2026-09-11,SH601169,银行
2026-09-11,SH600917,公用事业
2026-09-11,SH688558,机械设备
2026-09-11,BJ920138,电子
2026-09-11,SZ301595,轻工制造
2026-09-11,SH688333,机械设备
2026-09-11,SH603108,医药生物
2026-09-11,BJ920227,计算机
2026-09-11,SZ002402,电子
2026-09-11,SZ002810,基础化工
2026-09-11,SZ001965,交通运输
2026-09-11,SZ300610,基础化工
2026-09-11,BJ920178,机械设备
2026-09-11,SZ300407,电力设备
2026-09-11,BJ920870,机械设备
2026-09-11,SH600279,交通运输
2026-09-11,SZ300717,基础化工
2026-09-11,SZ301105,机械设备
2026-09-11,SH688563,国防军工
2026-09-11,SZ301548,机械设备
2026-09-11,BJ920375,电力设备
2026-09-11,SZ300802,机械设备
2026-09-11,SZ001324,机械设备
2026-09-11,SZ301130,医药生物
2026-09-11,SZ002551,医药生物
2026-09-11,SZ000859,基础化工
2026-09-11,BJ920299,电力设备
2026-09-11,SZ300525,计算机
2026-09-11,SZ002803,商贸零售
2026-09-11,SH688146,电子
2026-09-11,SZ002569,纺织服饰
2026-09-11,SH603217,基础化工
2026-09-11,BJ920239,电力设备
2026-09-11,SH688363,美容护理
2026-09-11,SH688297,国防军工
2026-09-11,SH600966,轻工制造
2026-09-11,SH600660,汽车
2026-09-11,SZ000506,有色金属
2026-09-11,SZ001222,轻工制造
2026-09-11,SZ300244,医药生物
2026-09-11,SH600996,传媒
2026-09-11,SZ002163,建筑装饰
2026-09-11,SZ300632,电子
2026-09-11,BJ920010,公用事业
2026-09-11,SH688136,医药生物
2026-09-11,SH605167,建筑装饰
2026-09-11,SH603993,有色金属
2026-09-11,SZ000096,石油石化
2026-09-11,SZ301313,传媒
2026-09-11,BJ920050,医药生物
2026-09-11,SH600429,食品饮料
2026-09-11,SH600157,公用事业
2026-09-11,SZ300455,计算机
2026-09-11,SH605151,汽车
2026-09-11,SZ301096,医药生物
2026-09-11,SH600189,食品饮料
2026-09-11,SZ002299,农林牧渔
2026-09-11,SH603918,计算机
2026-09-11,SZ301066,纺织服饰
2026-09-11,SZ002570,食品饮料
2026-09-11,SZ000066,计算机
2026-09-11,SH688568,计算机
2026-09-11,SZ001202,交通运输
2026-09-11,SH603776,汽车
2026-09-11,SZ300582,电子
2026-09-11,SH688551,电力设备
2026-09-11,SZ301121,电力设备
2026-09-11,SZ002005,家用电器
2026-09-11,SZ301633,机械设备
2026-09-11,SH603023,汽车
2026-09-11,SZ000672,建筑材料
2026-09-11,SZ300724,电力设备
2026-09-11,SZ000626,交通运输
2026-09-11,SZ002766,汽车
2026-09-11,SZ003004,计算机
2026-09-11,SZ002552,电子
2026-09-11,SH600576,社会服务
2026-09-11,SH603125,基础化工
2026-09-11,SH688271,医药生物
2026-09-11,SH688716,基础化工
2026-09-11,SZ301459,基础化工
2026-09-11,SZ000807,有色金属
2026-09-11,SZ300235,计算机
2026-09-11,SH600884,电力设备
2026-09-11,SZ002158,机械设备
2026-09-11,SZ000403,医药生物
2026-09-11,SZ300177,国防军工
2026-09-11,SH603565,交通运输
2026-09-11,SH688685,国防军工
2026-09-11,SH601997,银行
2026-09-11,SH600507,钢铁
2026-09-11,SH688175,国防军工
2026-09-11,SZ301328,电子
2026-09-11,SH603868,家用电器
2026-09-11,SH688268,电子
2026-09-11,BJ920062,电力设备
2026-09-11,SH603171,计算机
2026-09-11,SZ000599,汽车
2026-09-11,SZ001338,农林牧渔
2026-09-11,SZ000768,国防军工
2026-09-11,SH603275,机械设备
2026-09-11,SH603093,非银金融
2026-09-11,SH601086,商贸零售
2026-09-11,SH600148,汽车
2026-09-11,SH688793,家用电器
2026-09-11,SZ300404,医药生物
2026-09-11,SH603668,农林牧渔
2026-09-11,SH600803,公用事业
2026-09-11,SZ002851,电力设备
2026-09-11,BJ920029,电力设备
2026-09-11,SZ300927,基础化工
2026-09-11,SH600336,家用电器
2026-09-11,SZ000968,石油石化
2026-09-11,SZ300416,社会服务
2026-09-11,SZ002959,家用电器
2026-09-11,SZ002678,轻工制造
2026-09-11,SH600015,银行
2026-09-11,SZ300976,电子
2026-09-11,SZ002455,基础化工
2026-09-11,SZ002580,电力设备
2026-09-11,BJ920942,机械设备
2026-09-11,SZ301282,电子
2026-09-11,SZ000850,纺织服饰
2026-09-11,SZ301209,基础化工
2026-09-11,SH601121,钢铁
2026-09-11,SZ300378,计算机
2026-09-11,SZ002929,通信
2026-09-11,SH600936,传媒
2026-09-11,SZ002316,综合
2026-09-11,BJ920001,电子
2026-09-11,SZ301031,电子
2026-09-11,SH688312,机械设备
2026-09-11,SH605336,家用电器
2026-09-11,SH601101,煤炭
2026-09-11,SZ002702,食品饮料
2026-09-11,SH688575,医药生物
2026-09-11,SZ300067,基础化工
2026-09-11,SZ301057,基础化工
2026-09-11,SH688066,计算机
2026-09-11,SZ300552,计算机
2026-09-11,SZ000651,家用电器
2026-09-11,SH600643,非银金融
2026-09-11,SZ002972,机械设备
2026-09-11,SH688180,医药生物
2026-09-11,BJ920149,建筑装饰
2026-09-11,SZ002185,电子
2026-09-11,BJ920009,医药生物
2026-09-11,SZ300144,社会服务
2026-09-11,SH601068,建筑装饰
2026-09-11,SZ003023,家用电器
2026-09-11,SZ002843,机械设备
2026-09-11,SH603713,交通运输
2026-09-11,SH601366,商贸零售
2026-09-11,SH688582,电子
2026-09-11,SH603586,汽车
2026-09-11,SH603048,汽车
2026-09-11,SZ301390,建筑装饰
2026-09-11,SZ300904,电力设备
2026-09-11,SH688060,计算机
2026-09-11,SZ002537,汽车
2026-09-11,SZ300684,电子
2026-09-11,SZ002538,基础化工
2026-09-11,SZ002651,国防军工
2026-09-11,SZ301571,国防军工
2026-09-11,SH688600,机械设备
2026-09-11,SH603901,机械设备
2026-09-11,SH600131,计算机
2026-09-11,SH600735,纺织服饰
2026-09-11,SH600301,有色金属
2026-09-11,SZ000708,钢铁
2026-09-11,SH601919,交通运输
2026-09-11,SH600618,基础化工
2026-09-11,SZ000988,机械设备
2026-09-11,SZ300099,机械设备
2026-09-11,SZ300300,计算机
2026-09-11,SZ301606,电子
2026-09-11,SH603057,食品饮料
2026-09-11,SZ300689,通信
2026-09-11,SH603276,基础化工
2026-09-11,SZ000049,电力设备
2026-09-11,SZ001286,公用事业
2026-09-11,SH688387,通信
2026-09-11,SH600452,公用事业
2026-09-11,SZ300027,传媒
2026-09-11,SH600309,基础化工
2026-09-11,SZ301045,电子
2026-09-11,SZ002253,计算机
2026-09-11,SH603929,建筑装饰
2026-09-11,BJ920274,轻工制造
2026-09-11,SZ000777,机械设备
2026-09-11,SZ300719,国防军工
2026-09-11,SH605368,公用事业
2026-09-11,SZ000039,机械设备
2026-09-11,SZ300832,医药生物
2026-09-11,SZ300814,电子
2026-09-11,SZ000042,房地产
2026-09-11,SH603270,机械设备
2026-09-11,SH600396,公用事业
2026-09-11,BJ920541,机械设备
2026-09-11,SZ001280,有色金属
2026-09-11,SZ002640,商贸零售
2026-09-11,SZ300715,建筑材料
2026-09-11,SH600812,医药生物
2026-09-11,SZ002425,传媒
2026-09-11,BJ920111,电力设备
2026-09-11,SZ300565,通信
2026-09-11,SH603102,食品饮料
2026-09-11,SZ002598,机械设备
2026-09-11,SZ000576,国防军工
2026-09-11,SZ301192,汽车
2026-09-11,SH600768,有色金属
2026-09-11,SH603590,医药生物
2026-09-11,SZ002732,食品饮料
2026-09-11,SZ002169,电力设备
2026-09-11,SH601600,有色金属
2026-09-11,SH688129,基础化工
2026-09-11,SZ002896,机械设备
2026-09-11,SH603173,机械设备
2026-09-11,SZ300532,计算机
2026-09-11,SH688236,医药生物
2026-09-11,SZ301319,电子
2026-09-11,SH605289,建筑装饰
2026-09-11,SH688019,电子
2026-09-11,SH603082,机械设备
2026-09-11,SH688425,机械设备
2026-09-11,SH688426,医药生物
2026-09-11,SH600968,石油石化
2026-09-11,SH601609,有色金属
2026-09-11,SZ000993,公用事业
2026-09-11,BJ920433,医药生物
2026-09-11,SH600299,基础化工
2026-09-11,SZ002161,电子
2026-09-11,SH600021,公用事业
2026-09-11,SH600970,建筑装饰
2026-09-11,SH605169,公用事业
2026-09-11,SZ301611,电子
2026-09-11,SH601113,基础化工
2026-09-11,SZ301311,机械设备
2026-09-11,SH603978,有色金属
2026-09-11,SH603659,电力设备
2026-09-11,SZ001872,交通运输
2026-09-11,SH603255,基础化工
2026-09-11,SZ002111,国防军工
2026-09-11,SH600315,美容护理
2026-09-11,SH601011,煤炭
2026-09-11,SZ301098,建筑装饰
2026-09-11,SH600343,机械设备
2026-09-11,SZ000678,汽车
2026-09-11,SZ000719,传媒
2026-09-11,SH600038,国防军工
2026-09-11,SZ300957,美容护理
2026-09-11,SZ002968,房地产
2026-09-11,SZ000547,国防军工
2026-09-11,SH600569,钢铁
2026-09-11,SH603123,商贸零售
2026-09-11,SZ002170,基础化工
2026-09-11,SH600676,汽车
2026-09-11,SZ301081,环保
2026-09-11,SH601825,银行
2026-09-11,SH603021,轻工制造
2026-09-11,SZ000878,有色金属
2026-09-11,SH603912,机械设备
2026-09-11,SH603389,轻工制造
2026-09-11,SZ300726,国防军工
2026-09-11,SZ000679,商贸零售
2026-09-11,SZ002768,基础化工
2026-09-11,SZ003006,美容护理
2026-09-11,SZ002899,轻工制造
2026-09-11,SH600561,交通运输
2026-09-11,SZ000995,食品饮料
2026-09-11,SH688718,基础化工
2026-09-11,SH600030,非银金融
2026-09-11,SZ002377,石油石化
2026-09-11,SH601900,传媒
2026-09-11,SZ300268,农林牧渔
2026-09-11,SZ300237,汽车
2026-09-11,SH600893,国防军工
2026-09-11,SH603815,建筑装饰
2026-09-11,SZ300175,农林牧渔
2026-09-11,SH603896,医药生物
2026-09-11,SH600505,公用事业
2026-09-11,SZ300482,医药生物
2026-09-11,SH603209,交通运输
2026-09-11,SZ002693,医药生物
2026-09-11,SZ301522,有色金属
2026-09-11,SH603496,计算机
2026-09-11,SH600809,食品饮料
2026-09-11,BJ920892,建筑装饰
2026-09-11,SH603402,社会服务
2026-09-11,SH600872,食品饮料
2026-09-11,SZ301378,计算机
2026-09-11,SH600095,非银金融
2026-09-11,SZ003000,食品饮料
2026-09-11,SH600266,房地产
2026-09-11,SZ000766,医药生物
2026-09-11,SH601330,环保
2026-09-11,SZ002953,电力设备
2026-09-11,SZ002876,电子
2026-09-11,BJ920222,电力设备
2026-09-11,SH603201,汽车
2026-09-11,SZ003030,农林牧渔
2026-09-11,SH600801,建筑材料
2026-09-11,SZ000488,轻工制造
2026-09-11,SZ003039,环保
2026-09-11,SZ002120,交通运输
2026-09-11,SH600929,基础化工
2026-09-11,SZ300020,计算机
2026-09-11,SZ301408,医药生物
2026-09-11,SZ301228,社会服务
2026-09-11,SH601107,交通运输
2026-09-11,SZ301188,医药生物
2026-09-11,SH600325,房地产
2026-09-11,SH600638,房地产
2026-09-11,SZ002457,建筑材料
2026-09-11,SZ301135,家用电器
2026-09-11,SH688026,医药生物
2026-09-11,SZ002039,公用事业
2026-09-11,SH688677,医药生物
2026-09-11,SH600645,医药生物
2026-09-11,SZ002353,机械设备
2026-09-11,SH603007,汽车
2026-09-11,SH600196,医药生物
2026-09-11,SZ002096,基础化工
2026-09-11,SZ300329,轻工制造
2026-09-11,SZ000962,有色金属
2026-09-11,SZ002314,房地产
2026-09-11,SZ002381,基础化工
2026-09-11,SZ301037,基础化工
2026-09-11,SZ300993,轻工制造
2026-09-11,SZ003038,有色金属
2026-09-11,SZ300149,医药生物
2026-09-11,SH603719,食品饮料
2026-09-11,SH601326,交通运输
2026-09-11,SZ002562,基础化工
2026-09-11,SZ002276,电力设备
2026-09-11,SZ002490,机械设备
2026-09-11,SZ301187,家用电器
2026-09-11,BJ920057,建筑装饰
2026-09-11,SH600833,医药生物
2026-09-11,SZ300647,电子
2026-09-11,SZ003021,电力设备
2026-09-11,SH688152,计算机
2026-09-11,SH603711,食品饮料
2026-09-11,SH603327,电子
2026-09-11,SZ002708,汽车
2026-09-11,SZ002950,医药生物
2026-09-11,SZ002825,基础化工
2026-09-11,SZ301577,通信
2026-09-11,SH600960,汽车
2026-09-11,SZ300861,机械设备
2026-09-11,SH603212,电力设备
2026-09-11,SZ000561,国防军工
2026-09-11,SH688047,电子
2026-09-11,SZ000537,公用事业
2026-09-11,SZ000525,基础化工
2026-09-11,SH603235,基础化工
2026-09-11,SZ300513,通信
2026-09-11,SH688169,家用电器
2026-09-11,SZ300410,电力设备
2026-09-11,SH603236,通信
2026-09-11,SZ300475,电子
2026-09-11,SH688478,电子
2026-09-11,SZ002355,汽车
2026-09-11,SZ001236,非银金融
2026-09-11,SZ001207,基础化工
2026-09-11,SZ300045,国防军工
2026-09-11,SH600381,食品饮料
2026-09-11,SZ002259,公用事业
2026-09-11,SZ301687,基础化工
2026-09-11,SH600630,纺织服饰
2026-09-11,SH603032,电力设备
2026-09-11,SZ000921,家用电器
2026-09-11,BJ920826,食品饮料
2026-09-11,SZ002607,社会服务
2026-09-11,SH603917,汽车
2026-09-11,SZ300445,机械设备
2026-09-11,SH600759,石油石化
2026-09-11,SH600787,交通运输
2026-09-11,BJ920082,机械设备
2026-09-11,SZ000417,商贸零售
2026-09-11,SZ002901,医药生物
2026-09-11,SZ301047,医药生物
2026-09-11,SZ300891,基础化工
2026-09-11,SH600389,基础化工
2026-09-11,SZ300440,计算机
2026-09-11,SH600212,电力设备
2026-09-11,SZ300572,机械设备
2026-09-11,SZ000929,食品饮料
2026-09-11,SH688502,电子
2026-09-11,SZ300563,通信
2026-09-11,SZ002592,汽车
2026-09-11,SH688808,机械设备
2026-09-11,SZ300181,医药生物
2026-09-11,SH601038,机械设备
2026-09-11,SZ001308,电子
2026-09-11,SH600110,电力设备
2026-09-11,SZ300899,环保
2026-09-11,SH600830,非银金融
2026-09-11,SZ002734,基础化工
2026-09-11,SH601083,交通运输
2026-09-11,SZ300073,电力设备
2026-09-11,SZ300847,计算机
2026-09-11,BJ920924,通信
2026-09-11,SZ001248,公用事业
2026-09-11,SZ002432,医药生物
2026-09-11,SH603179,汽车
2026-09-11,SH601577,银行
2026-09-11,SH600783,机械设备
2026-09-11,SH600536,计算机
2026-09-11,SZ300422,环保
2026-09-11,SZ002240,有色金属
2026-09-11,SZ300285,电子
2026-09-11,SH688729,电子
2026-09-11,SH600629,建筑装饰
2026-09-11,SZ002867,纺织服饰
2026-09-11,SH603630,美容护理
2026-09-11,BJ920394,轻工制造
2026-09-11,SH600293,建筑材料
2026-09-11,SZ002167,有色金属
2026-09-11,SH600331,基础化工
2026-09-11,SZ300962,社会服务
2026-09-11,SH688409,电子
2026-09-11,SH688767,医药生物
2026-09-11,SH601218,电力设备
2026-09-11,SZ301317,机械设备
2026-09-11,SH600125,交通运输
2026-09-11,SZ301270,计算机
2026-09-11,SZ002799,轻工制造
2026-09-11,SZ001373,电子
2026-09-11,SH688428,医药生物
2026-09-11,SH600153,交通运输
2026-09-11,BJ920950,机械设备
2026-09-11,SZ002224,基础化工
2026-09-11,BJ920363,机械设备
2026-09-11,SZ300154,机械设备
2026-09-11,SZ000713,农林牧渔
2026-09-11,SH600023,公用事业
2026-09-11,SH603986,电子
2026-09-11,SH603307,纺织服饰
2026-09-11,SH600703,电子
2026-09-11,SZ003042,基础化工
2026-09-11,SZ002340,电力设备
2026-09-11,SH600792,煤炭
2026-09-11,BJ920982,美容护理
2026-09-11,SH601008,交通运输
2026-09-11,SZ000686,非银金融
2026-09-11,SZ002956,食品饮料
2026-09-11,SZ002626,食品饮料
2026-09-11,SH603378,建筑材料
2026-09-11,SZ300766,计算机
2026-09-11,SH605088,汽车
2026-09-11,SZ002966,银行
2026-09-11,SH605305,机械设备
2026-09-11,SH688526,农林牧渔
2026-09-11,SH600428,交通运输
2026-09-11,SH688053,国防军工
2026-09-11,SH600674,公用事业
2026-09-11,SZ002368,计算机
2026-09-11,BJ920189,电子
2026-09-11,SZ301001,商贸零售
2026-09-11,BJ920124,家用电器
2026-09-11,SZ300135,石油石化
2026-09-11,SZ301277,医药生物
2026-09-11,SH603050,电力设备
2026-09-11,SH688072,电子
2026-09-11,SH603690,电子
2026-09-11,SH600563,电子
2026-09-11,SH601778,公用事业
2026-09-11,SZ300393,电力设备
2026-09-11,SH600218,汽车
2026-09-11,SZ000558,社会服务
2026-09-11,SH688380,电子
2026-09-11,SZ300239,医药生物
2026-09-11,SZ002494,纺织服饰
2026-09-11,SH603817,环保
2026-09-11,SH688620,电子
2026-09-11,SZ300698,通信
2026-09-11,SZ301512,机械设备
2026-09-11,SH688085,医药生物
2026-09-11,SH603898,轻工制造
2026-09-11,SZ002506,电力设备
2026-09-11,SH603207,医药生物
2026-09-11,SZ002691,机械设备
2026-09-11,SH600230,基础化工
2026-09-11,SH600578,公用事业
2026-09-11,SZ000798,农林牧渔
2026-09-11,SZ300083,机械设备
2026-09-11,SZ300626,电力设备
2026-09-11,SZ000975,有色金属
2026-09-11,SZ301190,基础化工
2026-09-11,SZ000710,医药生物
2026-09-11,SZ300458,电子
2026-09-11,SZ002685,机械设备
2026-09-11,SZ002647,非银金融
2026-09-11,SZ002802,基础化工
2026-09-11,SZ300484,机械设备
2026-09-11,SH605077,基础化工
2026-09-11,SH688399,医药生物
2026-09-11,SH600475,公用事业
2026-09-11,SZ300019,基础化工
2026-09-11,SH601677,有色金属
2026-09-11,SZ002053,公用事业
2026-09-11,SH688615,计算机
2026-09-11,SZ300074,计算机
2026-09-11,SZ000623,医药生物
2026-09-11,SZ300323,电子
2026-09-11,SH688122,国防军工
2026-09-11,BJ920508,电力设备
2026-09-11,SH603262,食品饮料
2026-09-11,SZ002937,汽车
2026-09-11,BJ920806,计算机
2026-09-11,SH603966,机械设备
2026-09-11,SH600408,煤炭
2026-09-11,SZ001257,有色金属
2026-09-11,SH600152,电力设备
2026-09-11,SH688028,机械设备
2026-09-11,SZ002037,基础化工
2026-09-11,SZ301198,轻工制造
2026-09-11,SZ002397,纺织服饰
2026-09-11,SH603009,汽车
2026-09-11,SZ301072,汽车
2026-09-11,SZ002639,机械设备
2026-09-11,SH603210,汽车
2026-09-11,SH600720,建筑装饰
2026-09-11,SH600460,电子
2026-09-11,SZ000831,有色金属
2026-09-11,SH603717,农林牧渔
2026-09-11,BJ920651,机械设备
2026-09-11,SH688292,计算机
2026-09-11,SZ301358,电力设备
2026-09-11,SZ002274,基础化工
2026-09-11,BJ920055,汽车
2026-09-11,SZ002730,机械设备
2026-09-11,BJ920030,汽车
2026-09-11,SZ300375,汽车
2026-09-11,SZ000883,公用事业
2026-09-11,SZ301398,汽车
2026-09-11,BJ920478,医药生物
2026-09-11,SZ300291,传媒
2026-09-11,SZ000839,通信
2026-09-11,SZ002575,综合
2026-09-11,SZ300473,汽车
2026-09-11,SZ300596,基础化工
2026-09-11,SZ300823,机械设备
2026-09-11,SZ300256,电子
2026-09-11,SZ000563,非银金融
2026-09-11,SZ000862,公用事业
2026-09-11,BJ920834,基础化工
2026-09-11,SH688700,机械设备
2026-09-11,SH600835,机械设备
2026-09-11,SH603015,机械设备
2026-09-11,SZ002976,汽车
2026-09-11,SH603238,纺织服饰
2026-09-11,BJ920060,电子
2026-09-11,SZ301119,汽车
2026-09-11,SH603699,机械设备
2026-09-11,SZ001234,纺织服饰
2026-09-11,SH600739,医药生物
2026-09-11,SZ002285,房地产
2026-09-11,SZ301058,建筑装饰
2026-09-11,SZ002540,有色金属
2026-09-11,SH600383,房地产
2026-09-11,SZ000999,医药生物
2026-09-11,SZ000683,基础化工
2026-09-11,SH600420,医药生物
2026-09-11,SZ300753,医药生物
2026-09-11,SZ000923,钢铁
2026-09-11,SH603955,建筑装饰
2026-09-11,SZ000045,电子
2026-09-11,SZ002605,传媒
2026-09-11,SZ300350,交通运输
2026-09-11,SZ301348,电子
2026-09-11,SH603459,电子
2026-09-11,SH603037,汽车
2026-09-11,SH601990,非银金融
2026-09-11,SH688197,医药生物
2026-09-11,SZ301041,电子
2026-09-11,SZ300893,汽车
2026-09-11,SZ002306,社会服务
2026-09-11,SZ002947,电子
2026-09-11,SH601868,建筑装饰
2026-09-11,SZ002008,机械设备
2026-09-11,SZ002438,机械设备
2026-09-11,SH600584,电子
2026-09-11,SZ300561,计算机
2026-09-11,SH603197,汽车
2026-09-11,SZ300818,机械设备
2026-09-11,SZ001322,轻工制造
2026-09-11,BJ920088,石油石化
2026-09-11,BJ920415,计算机
2026-09-11,SZ000070,通信
2026-09-11,SZ002127,商贸零售
2026-09-11,BJ920926,家用电器
2026-09-11,BJ920245,机械设备
2026-09-11,SH688798,电子
2026-09-11,SZ000720,电力设备
2026-09-11,SH688256,电子
2026-09-11,SH600538,医药生物
2026-09-11,SH603119,汽车
2026-09-11,SZ001379,机械设备
2026-09-11,SZ301138,机械设备
2026-09-11,BJ920396,机械设备
2026-09-11,SZ300163,基础化工
2026-09-11,SH601098,传媒
2026-09-11,SH603181,基础化工
2026-09-11,SZ000960,有色金属
2026-09-11,SH688211,机械设备
2026-09-11,SZ300810,国防军工
2026-09-11,SH688669,基础化工
2026-09-11,SZ301389,电子
2026-09-11,SH600127,农林牧渔
2026-09-11,SH600941,通信
2026-09-11,SH688819,电力设备
2026-09-11,SH600973,电力设备
2026-09-11,SZ300283,电力设备
2026-09-11,SH603350,电力设备
2026-09-11,SZ300850,电力设备
2026-09-11,SZ300816,汽车
2026-09-11,SH600066,汽车
2026-09-11,SZ300994,汽车
2026-09-11,SH603076,机械设备
2026-09-11,SZ000726,纺织服饰
2026-09-11,SZ301498,农林牧渔
2026-09-11,SH600025,公用事业
2026-09-11,SZ300968,电子
2026-09-11,SH688338,医药生物
2026-09-11,SH603331,机械设备
2026-09-11,SH600853,建筑装饰
2026-09-11,SH603838,轻工制造
2026-09-11,SH688513,医药生物
2026-09-11,SH605055,纺织服饰
2026-09-11,SZ300353,通信
2026-09-11,SH603195,轻工制造
2026-09-11,SH600159,房地产
2026-09-11,SZ000688,有色金属
2026-09-11,SZ000912,基础化工
2026-09-11,BJ920223,机械设备
2026-09-11,SH688556,电力设备
2026-09-11,SZ002631,轻工制造
2026-09-11,SZ300303,电子
2026-09-11,SZ300768,计算机
2026-09-11,SZ300133,传媒
2026-09-11,SH688585,基础化工
2026-09-11,SH601882,机械设备
2026-09-11,SZ000016,家用电器
2026-09-11,SZ002016,房地产
2026-09-11,SZ002486,纺织服饰
2026-09-11,SH688135,电子
2026-09-11,SZ300031,传媒
2026-09-11,SZ300399,计算机
2026-09-11,SZ300940,电子
2026-09-11,SH600671,医药生物
2026-09-11,SZ002339,电力设备
2026-09-11,SH688410,医药生物
2026-09-11,SZ300233,医药生物
2026-09-11,SZ301003,基础化工
2026-09-11,SZ002114,有色金属
2026-09-11,SZ002637,基础化工
2026-09-11,BJ920126,机械设备
2026-09-11,SH688192,医药生物
2026-09-11,SH603519,家用电器
2026-09-11,SZ000639,食品饮料
2026-09-11,SH605033,基础化工
2026-09-11,SZ002620,建筑装饰
2026-09-11,SZ002362,计算机
2026-09-11,SZ301588,轻工制造
2026-09-11,SH603819,电力设备
2026-09-11,SZ001260,汽车
2026-09-11,SH603165,轻工制造
2026-09-11,SZ300452,医药生物
2026-09-11,SZ300109,基础化工
2026-09-11,BJ920260,机械设备
2026-09-11,SZ002584,电子
2026-09-11,SZ002122,机械设备
2026-09-11,SZ002508,家用电器
2026-09-11,SZ300547,汽车
2026-09-11,SH688382,医药生物
2026-09-11,SZ301382,通信
2026-09-11,SZ000582,交通运输
2026-09-11,SH688151,医药生物
2026-09-11,SH600621,非银金融
2026-09-11,SH600099,汽车
2026-09-11,SZ300613,电子
2026-09-11,BJ920639,电力设备
2026-09-11,SH688117,医药生物
2026-09-11,SZ301103,医药生物
2026-09-11,SZ301261,机械设备
2026-09-11,BJ920575,医药生物
2026-09-11,SZ002645,环保
2026-09-11,SZ301363,医药生物
2026-09-11,BJ920146,汽车
2026-09-11,SZ300486,机械设备
2026-09-11,BJ920176,美容护理
2026-09-11,SZ000518,医药生物
2026-09-11,SH600684,房地产
2026-09-11,SZ300876,基础化工
2026-09-11,SH601020,有色金属
2026-09-11,SH601921,传媒
2026-09-11,SZ002805,电力设备
2026-09-11,SZ002823,电力设备
2026-09-11,SZ002921,汽车
2026-09-11,BJ920258,基础化工
2026-09-11,BJ920718,家用电器
2026-09-11,SZ300334,环保
2026-09-11,SZ301011,轻工制造
2026-09-11,SZ002090,电力设备
2026-09-11,SZ300820,电力设备
2026-09-11,SZ002184,机械设备
2026-09-11,SH603757,机械设备
2026-09-11,SH601579,食品饮料
2026-09-11,SH688005,电力设备
2026-09-11,SZ301181,汽车
2026-09-11,SH601801,传媒
2026-09-11,BJ920096,机械设备
2026-09-11,SH603486,家用电器
2026-09-11,SZ001319,汽车
2026-09-11,SZ301429,建筑材料
2026-09-11,SZ002670,非银金融
2026-09-11,SH601188,交通运输
2026-09-11,SH600894,机械设备
2026-09-11,SZ000889,通信
2026-09-11,SZ002745,电子
2026-09-11,SZ301208,计算机
2026-09-11,SZ300784,电子
2026-09-11,SZ300409,电力设备
2026-09-11,BJ920028,基础化工
2026-09-11,SZ301428,通信
2026-09-11,SZ300120,电子
2026-09-11,SH688448,机械设备
2026-09-11,SZ000019,农林牧渔
2026-09-11,SZ000876,农林牧渔
2026-09-11,SZ300829,基础化工
2026-09-11,SZ000565,基础化工
2026-09-11,SZ300803,计算机
2026-09-11,SH600310,公用事业
2026-09-11,SZ002884,机械设备
2026-09-11,SZ300790,计算机
2026-09-11,SH603156,食品饮料
2026-09-11,SZ300517,建筑装饰
2026-09-11,BJ920339,家用电器
2026-09-11,SH688156,农林牧渔
2026-09-11,BJ920809,电力设备
2026-09-11,SH603026,电力设备
2026-09-11,SZ300869,医药生物
2026-09-11,SH688285,机械设备
2026-09-11,SH600976,医药生物
2026-09-11,SH603189,计算机
2026-09-11,SZ001232,电子
2026-09-11,SZ300254,医药生物
2026-09-11,SZ002146,房地产
2026-09-11,SH605507,医药生物
2026-09-11,SZ002217,电子
2026-09-11,SH688206,计算机
2026-09-11,SH688213,电子
2026-09-11,SZ301336,轻工制造
2026-09-11,SH605268,轻工制造
2026-09-11,SZ002296,通信
2026-09-11,SH605358,电子
2026-09-11,SZ002601,基础化工
2026-09-11,SH600165,基础化工
2026-09-11,SZ000937,煤炭
2026-09-11,SZ301086,电子
2026-09-11,BJ920071,有色金属
2026-09-11,SZ300049,医药生物
2026-09-11,SZ300912,汽车
2026-09-11,SZ000997,计算机
2026-09-11,SZ301629,电子
2026-09-11,SZ300751,电力设备
2026-09-11,SZ000906,交通运输
2026-09-11,SZ002461,食品饮料
2026-09-11,SH600761,机械设备
2026-09-11,SH601238,汽车
2026-09-11,SZ002140,建筑装饰
2026-09-11,SH600668,建筑材料
2026-09-11,SH603035,汽车
2026-09-11,SZ000657,有色金属
2026-09-11,SH603395,基础化工
2026-09-11,SZ300884,计算机
2026-09-11,SZ002304,食品饮料
2026-09-11,SZ300694,汽车
2026-09-11,SH688692,计算机
2026-09-11,SZ300966,医药生物
2026-09-11,SH600250,社会服务
2026-09-11,SZ300759,医药生物
2026-09-11,SZ002436,电子
2026-09-11,SZ002469,建筑装饰
2026-09-11,SH603137,建筑装饰
2026-09-11,SH688045,电子
2026-09-11,SH601595,传媒
2026-09-11,SZ002023,国防军工
2026-09-11,SH600868,公用事业
2026-09-11,SZ300197,建筑装饰
2026-09-11,SH601818,银行
2026-09-11,SZ300169,基础化工
2026-09-11,SZ300118,电力设备
2026-09-11,SZ301100,基础化工
2026-09-11,SZ002125,电力设备
2026-09-11,SH603577,电力设备
2026-09-11,SZ002910,食品饮料
2026-09-11,SZ300960,机械设备
2026-09-11,SZ301248,计算机
2026-09-11,SH603528,计算机
2026-09-11,SH688258,计算机
2026-09-11,SZ002383,国防军工
2026-09-11,SZ002774,机械设备
2026-09-11,SZ001328,美容护理
2026-09-11,SH600241,电力设备
2026-09-11,SZ000758,有色金属
2026-09-11,SH600640,传媒
2026-09-11,SZ300161,机械设备
2026-09-11,SZ300975,电子
2026-09-11,SH600295,钢铁
2026-09-11,SZ300498,农林牧渔
2026-09-11,SH688543,国防军工
2026-09-11,SZ002522,基础化工
2026-09-11,SZ300915,食品饮料
2026-09-11,SZ002093,社会服务
2026-09-11,SH600249,美容护理
2026-09-11,SH603159,机械设备
2026-09-11,SZ300996,计算机
2026-09-11,SZ002203,有色金属
2026-09-11,SH688319,医药生物
2026-09-11,SZ002668,家用电器
2026-09-11,SH688078,计算机
2026-09-11,SH600459,有色金属
2026-09-11,BJ920509,机械设备
2026-09-11,SH688695,计算机
2026-09-11,SH600498,通信
2026-09-11,BJ920002,机械设备
2026-09-11,SH688511,国防军工
2026-09-11,SH600435,国防军工
2026-09-11,SZ300220,机械设备
2026-09-11,SZ300368,计算机
2026-09-11,SZ002333,建筑材料
2026-09-11,SH603283,机械设备
2026-09-11,BJ920729,农林牧渔
2026-09-11,SZ301221,汽车
2026-09-11,SZ002633,机械设备
2026-09-11,SZ002192,有色金属
2026-09-11,SH603729,传媒
2026-09-11,BJ920779,电力设备
2026-09-11,SZ300131,电子
2026-09-11,SZ000659,轻工制造
2026-09-11,SZ301273,机械设备
2026-09-11,SH603091,轻工制造
2026-09-11,SH688076,医药生物
2026-09-11,SZ000014,房地产
2026-09-11,SZ301018,机械设备
2026-09-11,SZ300868,电子
2026-09-11,SZ003011,轻工制造
2026-09-11,SZ002116,建筑装饰
2026-09-11,SH603721,传媒
2026-09-11,SH688592,通信
2026-09-11,SZ000903,汽车
2026-09-11,SZ301309,机械设备
2026-09-11,SH600737,农林牧渔
2026-09-11,SH603596,汽车
2026-09-11,SZ000554,石油石化
2026-09-11,SZ002713,建筑装饰
2026-09-11,SZ300619,电力设备
2026-09-11,SZ300668,建筑装饰
2026-09-11,SH603985,电力设备
2026-09-11,SH600741,汽车
2026-09-11,SH601949,传媒
2026-09-11,SZ002586,建筑装饰
2026-09-11,SH601996,轻工制造
2026-09-11,SZ001211,轻工制造
2026-09-11,SH605009,美容护理
2026-09-11,BJ920220,汽车
2026-09-11,BJ920526,电子
2026-09-11,SH603730,汽车
2026-09-11,SZ002829,国防军工
2026-09-11,SZ000911,农林牧渔
2026-09-11,SZ002234,农林牧渔
2026-09-11,SZ300611,汽车
2026-09-11,SZ300430,医药生物
2026-09-11,SZ002398,建筑材料
2026-09-11,SZ001296,基础化工
2026-09-11,SH688499,电力设备
2026-09-11,SH688115,机械设备
2026-09-11,SZ301488,汽车
2026-09-11,SH605399,基础化工
2026-09-11,SZ001219,食品饮料
2026-09-11,SZ301388,电力设备
2026-09-11,SZ300015,医药生物
2026-09-11,SH603499,轻工制造
2026-09-11,SZ002057,社会服务
2026-09-11,SH688619,计算机
2026-09-11,SH600362,有色金属
2026-09-11,SH603030,建筑装饰
2026-09-11,SZ300853,电力设备
2026-09-11,BJ920504,医药生物
2026-09-11,SZ300908,食品饮料
2026-09-11,SH603633,电子
2026-09-11,SZ002909,基础化工
2026-09-11,SZ301091,建筑装饰
2026-09-11,SH603755,食品饮料
2026-09-11,SZ000027,公用事业
2026-09-11,SZ002405,计算机
2026-09-11,SZ301148,环保
2026-09-11,SZ301367,医药生物
2026-09-11,SZ002063,计算机
2026-09-11,SH603778,电力设备
2026-09-11,BJ920665,基础化工
2026-09-11,SZ000615,美容护理
2026-09-11,SH603933,电子
2026-09-11,SZ003017,基础化工
2026-09-11,SZ000887,汽车
2026-09-11,SZ002677,家用电器
2026-09-11,SZ002987,计算机
2026-09-11,SH603116,纺织服饰
2026-09-11,SH601857,石油石化
2026-09-11,SZ002571,轻工制造
2026-09-11,SH600784,基础化工
2026-09-11,SZ000607,传媒
2026-09-11,SH600778,商贸零售
2026-09-11,SH600859,商贸零售
2026-09-11,SH600527,纺织服饰
2026-09-11,BJ920438,电子
2026-09-11,SZ001285,汽车
2026-09-11,SH601377,非银金融
2026-09-11,SZ002895,基础化工
2026-09-11,SZ002102,医药生物
2026-09-11,SH600980,机械设备
2026-09-11,SZ002430,基础化工
2026-09-11,SZ001388,电力设备
2026-09-11,SZ002579,电子
2026-09-11,SH605277,电子
2026-09-11,BJ920046,电力设备
2026-09-11,SH688320,机械设备
2026-09-11,SH603033,基础化工
2026-09-11,SH601018,交通运输
2026-09-11,SZ300243,基础化工
2026-09-11,SH600191,农林牧渔
2026-09-11,SZ300515,机械设备
2026-09-11,SZ002173,医药生物
2026-09-11,SH603829,电力设备
2026-09-11,SZ301669,电力设备
2026-09-11,SH605177,医药生物
2026-09-11,SZ301458,电子
2026-09-11,SH688208,计算机
2026-09-11,SZ301305,环保
2026-09-11,SH603618,电力设备
2026-09-11,SH600905,公用事业
2026-09-11,SH603767,汽车
2026-09-11,SH600167,公用事业
2026-09-11,SH603466,传媒
2026-09-11,SH603063,电力设备
2026-09-11,SZ301088,纺织服饰
2026-09-11,SH600351,医药生物
2026-09-11,SH600278,商贸零售
2026-09-11,SZ002984,汽车
2026-09-11,SZ001380,汽车
2026-09-11,SZ300150,计算机
2026-09-11,BJ920123,美容护理
2026-09-11,SH603085,汽车
2026-09-11,SZ002978,有色金属
2026-09-11,SZ002659,社会服务
2026-09-11,BJ920971,基础化工
2026-09-11,SH603909,建筑装饰
2026-09-11,SZ002476,石油石化
2026-09-11,SH688003,机械设备
2026-09-11,SH600666,计算机
2026-09-11,SH603291,环保
2026-09-11,SH688084,国防军工
2026-09-11,SZ300359,社会服务
2026-09-11,SZ300608,计算机
2026-09-11,SH688252,电子
2026-09-11,SZ301173,汽车
2026-09-11,SZ300112,机械设备
2026-09-11,SZ002778,环保
2026-09-11,SZ002123,通信
2026-09-11,SZ000970,有色金属
2026-09-11,BJ920225,基础化工
2026-09-11,SH605580,公用事业
2026-09-11,SH600588,计算机
2026-09-11,SH688352,电子
2026-09-11,SZ002021,机械设备
2026-09-11,SH603858,医药生物
2026-09-11,SZ002912,计算机
2026-09-11,SZ002389,国防军工
2026-09-11,SZ001337,有色金属
2026-09-11,SZ300199,医药生物
2026-09-11,SH603393,公用事业
2026-09-11,SH688610,机械设备
2026-09-11,SZ300167,计算机
2026-09-11,SH601518,交通运输
2026-09-11,SH689009,汽车
2026-09-11,SH603886,食品饮料
2026-09-11,SH688091,医药生物
2026-09-11,SZ300492,社会服务
2026-09-11,SH603722,基础化工
2026-09-11,SH603579,家用电器
2026-09-11,SZ002459,电力设备
2026-09-11,SH600118,国防军工
2026-09-11,SH600862,国防军工
2026-09-11,SZ000786,建筑材料
2026-09-11,SH688517,电力设备
2026-09-11,SZ300191,石油石化
2026-09-11,SH600243,机械设备
2026-09-11,SZ000516,医药生物
2026-09-11,SZ301699,电力设备
2026-09-11,SH600059,食品饮料
2026-09-11,SZ002209,机械设备
2026-09-11,SZ002662,汽车
2026-09-11,SH603215,家用电器
2026-09-11,SH688361,电子
2026-09-11,SH600469,汽车
2026-09-11,SZ300340,电力设备
2026-09-11,SZ000504,医药生物
2026-09-11,SZ002852,农林牧渔
2026-09-11,SZ000498,建筑装饰
2026-09-11,SZ002268,计算机
2026-09-11,SZ300917,房地产
2026-09-11,SH603636,计算机
2026-09-11,SZ000752,食品饮料
2026-09-11,SH605118,计算机
2026-09-11,SH600062,医药生物
2026-09-11,SZ300998,汽车
2026-09-11,SZ002201,建筑材料
2026-09-11,SZ301238,电力设备
2026-09-11,SZ000893,基础化工
2026-09-11,SZ002595,机械设备
2026-09-11,SH688697,机械设备
2026-09-11,SH600461,环保
2026-09-11,SH688036,电子
2026-09-11,SH601658,银行
2026-09-11,SH603609,农林牧渔
2026-09-11,SZ301171,传媒
2026-09-11,BJ920022,汽车
2026-09-11,BJ920247,汽车
2026-09-11,BJ920195,汽车
2026-09-11,SZ301156,基础化工
2026-09-11,SZ002324,基础化工
2026-09-11,SH603281,基础化工
2026-09-11,SZ301021,机械设备
2026-09-11,SH603355,家用电器
2026-09-11,SZ003028,家用电器
2026-09-11,SZ300907,电力设备
2026-09-11,SZ300683,医药生物
2026-09-11,SH601336,非银金融
2026-09-11,SZ002007,医药生物
2026-09-11,SZ002012,轻工制造
2026-09-11,SH688652,电子
2026-09-11,SZ301179,电力设备
2026-09-11,BJ920065,商贸零售
2026-09-11,SH688190,有色金属
2026-09-11,SZ301656,汽车
2026-09-11,SZ300800,环保
2026-09-11,SZ300540,机械设备
2026-09-11,SZ002719,食品饮料
2026-09-11,SZ001400,机械设备
2026-09-11,SZ003013,建筑装饰
2026-09-11,SH688631,计算机
2026-09-11,SZ002545,基础化工
2026-09-11,SH603758,汽车
2026-09-11,SZ300584,医药生物
2026-09-11,SH688277,医药生物
2026-09-11,SH600517,非银金融
2026-09-11,SH603012,机械设备
2026-09-11,SZ002452,电力设备
2026-09-11,SH600596,基础化工
2026-09-11,SZ300310,通信
2026-09-11,SH600180,交通运输
2026-09-11,SH601916,银行
2026-09-11,SZ002487,电力设备
2026-09-11,SH600829,医药生物
2026-09-11,SH600084,食品饮料
2026-09-11,SH601995,非银金融
2026-09-11,SZ000532,非银金融
2026-09-11,SZ000010,建筑装饰
2026-09-11,SH603226,轻工制造
2026-09-11,SZ300447,国防军工
2026-09-11,SH601187,银行
2026-09-11,SH600753,交通运输
2026-09-11,BJ920675,基础化工
2026-09-11,SZ001213,交通运输
2026-09-11,SH605007,轻工制造
2026-09-11,BJ920186,电子
2026-09-11,SH603588,环保
2026-09-11,SZ000987,非银金融
2026-09-11,SH600100,计算机
2026-09-11,SZ002236,计算机
2026-09-11,SZ002483,机械设备
2026-09-11,SZ002342,机械设备
2026-09-11,SZ301322,汽车
2026-09-11,SZ300406,医药生物
2026-09-11,SZ001298,电子
2026-09-11,SZ301376,轻工制造
2026-09-11,SZ000733,国防军工
2026-09-11,SZ002962,电子
2026-09-11,SZ300002,传媒
2026-09-11,SH600543,食品饮料
2026-09-11,SZ301359,电子
2026-09-11,SZ000425,机械设备
2026-09-11,SH688750,有色金属
2026-09-11,SZ301280,家用电器
2026-09-11,SH601058,汽车
2026-09-11,SH603939,医药生物
2026-09-11,SH603799,有色金属
2026-09-11,SZ300747,机械设备
2026-09-11,SZ002741,电子
2026-09-11,SZ002694,建筑材料
2026-09-11,SZ300652,汽车
2026-09-11,BJ920819,基础化工
2026-09-11,BJ920017,医药生物
2026-09-11,SH600780,公用事业
2026-09-11,BJ920553,机械设备
2026-09-11,SH603002,电子
2026-09-11,SH600613,医药生物
2026-09-11,SZ301539,汽车
2026-09-11,SH600368,交通运输
2026-09-11,SZ000617,非银金融
2026-09-11,SH603931,电子
2026-09-11,SH603366,家用电器
2026-09-11,SZ300855,有色金属
2026-09-11,SZ002104,通信
2026-09-11,SZ002422,医药生物
2026-09-11,SH603118,通信
2026-09-11,SZ300559,计算机
2026-09-11,SZ002848,家用电器
2026-09-11,SH600577,电力设备
2026-09-11,SZ301288,环保
2026-09-11,SH603863,轻工制造
2026-09-11,SZ001314,电子
2026-09-11,SZ002343,传媒
2026-09-11,SH603039,计算机
2026-09-11,BJ920007,电力设备
2026-09-11,SZ300146,食品饮料
2026-09-11,SH600281,有色金属
2026-09-11,SZ002179,国防军工
2026-09-11,SH603836,交通运输
2026-09-11,SZ300270,计算机
2026-09-11,SH603020,基础化工
2026-09-11,SZ301303,机械设备
2026-09-11,SZ300981,医药生物
2026-09-11,SH600938,石油石化
2026-09-11,SZ001356,轻工制造
2026-09-11,SH601003,钢铁
2026-09-11,SH600161,医药生物
2026-09-11,SZ002312,基础化工
2026-09-11,SZ002256,公用事业
2026-09-11,SH600560,机械设备
2026-09-11,SH600289,通信
2026-09-11,SZ002171,有色金属
2026-09-11,SZ301677,机械设备
2026-09-11,SH603538,医药生物
2026-09-11,SH600400,纺织服饰
2026-09-11,SH603260,基础化工
2026-09-11,SH600601,电子
2026-09-11,SZ301616,机械设备
2026-09-11,SH688726,电力设备
2026-09-11,SZ001382,电力设备
2026-09-11,SH603903,环保
2026-09-11,SH600133,环保
2026-09-11,SH600458,综合
2026-09-11,BJ920992,医药生物
2026-09-11,SZ300553,机械设备
2026-09-11,SH600169,机械设备
2026-09-11,SH605588,电子
2026-09-11,SH600789,医药生物
2026-09-11,SZ002689,机械设备
2026-09-11,SH603059,美容护理
2026-09-11,SZ002986,石油石化
2026-09-11,SZ300206,医药生物
2026-09-11,SZ300947,商贸零售
2026-09-11,SH603087,医药生物
2026-09-11,SH688326,计算机
2026-09-11,BJ920033,基础化工
2026-09-11,BJ920821,电子
2026-09-11,SZ000553,基础化工
2026-09-11,SZ301680,汽车
2026-09-11,SH688536,电子
2026-09-11,SH600698,汽车
2026-09-11,SZ300025,通信
2026-09-11,SH601588,房地产
2026-09-11,SZ000702,农林牧渔
2026-09-11,SH603407,有色金属
2026-09-11,SH600875,电力设备
2026-09-11,SZ002378,有色金属
2026-09-11,SZ300357,医药生物
2026-09-11,SZ300765,医药生物
2026-09-11,SH600495,机械设备
2026-09-11,SZ000420,基础化工
2026-09-11,SZ300127,有色金属
2026-09-11,SZ002749,基础化工
2026-09-11,SH688083,计算机
2026-09-11,SZ300705,医药生物
2026-09-11,SH601866,交通运输
2026-09-11,SZ002546,电力设备
2026-09-11,SH688787,计算机
2026-09-11,BJ920570,机械设备
2026-09-11,SH603566,农林牧渔
2026-09-11,SH603937,有色金属
2026-09-11,SZ000548,交通运输
2026-09-11,SZ002403,家用电器
2026-09-11,BJ920357,电子
2026-09-11,SZ300295,传媒
2026-09-11,SZ002788,医药生物
2026-09-11,SZ002050,家用电器
2026-09-11,BJ920593,机械设备
2026-09-11,SZ002126,汽车
2026-09-11,SZ300538,基础化工
2026-09-11,SH688020,电子
2026-09-11,SH603888,传媒
2026-09-11,SH603213,基础化工
2026-09-11,SH688166,医药生物
2026-09-11,SH603333,电力设备
2026-09-11,SZ002337,机械设备
2026-09-11,SH688237,国防军工
2026-09-11,SZ002817,医药生物
2026-09-11,SH688605,电子
2026-09-11,SZ300636,医药生物
2026-09-11,SZ000514,房地产
2026-09-11,SH600818,汽车
2026-09-11,SH603296,电子
2026-09-11,SH600370,基础化工
2026-09-11,SZ002207,石油石化
2026-09-11,SH688234,电子
2026-09-11,SZ301281,医药生物
2026-09-11,SZ300494,传媒
2026-09-11,BJ920656,医药生物
2026-09-11,SH688459,机械设备
2026-09-11,SZ301518,基础化工
2026-09-11,SZ003020,医药生物
2026-09-11,SH600983,家用电器
2026-09-11,SZ300763,电力设备
2026-09-11,SH600468,电力设备
2026-09-11,SH688132,国防军工
2026-09-11,SH605116,医药生物
2026-09-11,SZ000560,房地产
2026-09-11,SH688315,医药生物
2026-09-11,SH603229,医药生物
2026-09-11,SZ002783,基础化工
2026-09-11,SH603976,医药生物
2026-09-11,SH688226,电力设备
2026-09-11,SH688699,电子
2026-09-11,SH600463,房地产
2026-09-11,SH600962,农林牧渔
2026-09-11,SH688275,电力设备
2026-09-11,SH688177,医药生物
2026-09-11,SZ002935,国防军工
2026-09-11,SH600185,商贸零售
2026-09-11,SZ300945,纺织服饰
2026-09-11,SH688280,汽车
2026-09-11,SZ301062,轻工制造
2026-09-11,SZ300739,电子
2026-09-11,SH688506,医药生物
2026-09-11,SZ301027,建筑装饰
2026-09-11,BJ920682,电力设备
2026-09-11,SZ003026,电子
2026-09-11,SZ301232,电力设备
2026-09-11,SH603725,轻工制造
2026-09-11,SH603121,汽车
2026-09-11,SH603599,基础化工
2026-09-11,SH688282,国防军工
2026-09-11,SZ300560,通信
2026-09-11,SZ300459,传媒
2026-09-11,SZ300835,有色金属
2026-09-11,SZ002210,环保
2026-09-11,SZ000595,公用事业
2026-09-11,SZ300662,社会服务
2026-09-11,SZ002717,建筑装饰
2026-09-11,SZ003008,社会服务
2026-09-11,SZ300657,电子
2026-09-11,SZ002547,汽车
2026-09-11,SH603129,汽车
2026-09-11,SH601727,电力设备
2026-09-11,SZ300377,计算机
2026-09-11,SH600515,房地产
2026-09-11,SH603683,基础化工
2026-09-11,SZ002918,轻工制造
2026-09-11,BJ920368,电力设备
2026-09-11,SZ002920,计算机
2026-09-11,SZ300425,环保
2026-09-11,SZ002154,纺织服饰
2026-09-11,SZ002868,农林牧渔
2026-09-11,SH600353,电子
2026-09-11,SH688179,基础化工
2026-09-11,SZ301591,基础化工
2026-09-11,SH601222,电力设备
2026-09-11,SZ002926,非银金融
2026-09-11,SZ300720,机械设备
2026-09-11,SH688560,电力设备
2026-09-11,SZ000803,环保
2026-09-11,SZ301419,通信
2026-09-11,BJ920242,汽车
2026-09-11,SH600273,基础化工
2026-09-11,SH603130,纺织服饰
2026-09-11,SZ002238,传媒
2026-09-11,SH600330,电子
2026-09-11,SH600620,综合
2026-09-11,SH605133,汽车
2026-09-11,SH603637,建筑装饰
2026-09-11,SH600378,基础化工
2026-09-11,SH601279,汽车
2026-09-11,SZ001282,汽车
2026-09-11,SZ300360,电力设备
2026-09-11,SH688807,电子
2026-09-11,SZ000411,医药生物
2026-09-11,SZ300004,机械设备
2026-09-11,SH605066,电力设备
2026-09-11,SH600323,环保
2026-09-11,SH601519,计算机
2026-09-11,SH603068,电子
2026-09-11,SZ000738,国防军工
2026-09-11,SH600019,钢铁
2026-09-11,SH601881,非银金融
2026-09-11,SZ002428,有色金属
2026-09-11,SZ301252,家用电器
2026-09-11,SH603112,家用电器
2026-09-11,SZ300797,社会服务
2026-09-11,SZ000402,房地产
2026-09-11,SH603239,汽车
2026-09-11,SH600548,交通运输
2026-09-11,SH600067,电力设备
2026-09-11,SH600977,传媒
2026-09-11,SZ300374,建筑材料
2026-09-11,BJ920976,计算机
2026-09-11,SZ002349,医药生物
2026-09-11,SZ300159,机械设备
2026-09-11,SH688835,机械设备
2026-09-11,SH605080,轻工制造
2026-09-11,SH603353,石油石化
2026-09-11,SZ300044,计算机
2026-09-11,SH688571,基础化工
2026-09-11,SH688051,计算机
2026-09-11,SZ001395,机械设备
2026-09-11,SH688246,计算机
2026-09-11,SZ301286,基础化工
2026-09-11,SZ300745,汽车
2026-09-11,SZ301665,基础化工
2026-09-11,SZ001316,石油石化
2026-09-11,SH688739,医药生物
2026-09-11,SH600239,房地产
2026-09-11,SZ000531,公用事业
2026-09-11,SZ002865,电力设备
2026-09-11,BJ920005,电子
2026-09-11,SZ300151,机械设备
2026-09-11,SH600283,环保
2026-09-11,SZ301668,电力设备
2026-09-11,SZ300489,电子
2026-09-11,SZ001218,基础化工
2026-09-11,SZ301575,轻工制造
2026-09-11,SZ301301,医药生物
2026-09-11,SH600135,基础化工
2026-09-11,SH603656,机械设备
2026-09-11,SH601001,煤炭
2026-09-11,SH600318,非银金融
2026-09-11,SH600231,钢铁
2026-09-11,SZ000539,公用事业
2026-09-11,SH600076,轻工制造
2026-09-11,SZ300984,机械设备
2026-09-11,SH603042,通信
2026-09-11,SZ002847,食品饮料
2026-09-11,SH600033,交通运输
2026-09-11,SZ300428,汽车
2026-09-11,BJ920839,机械设备
2026-09-11,SH688479,计算机
2026-09-11,SH603663,基础化工
2026-09-11,SZ301519,环保
2026-09-11,SZ002270,电力设备
2026-09-11,SZ002350,电力设备
2026-09-11,SH688521,电子
2026-09-11,SH600456,有色金属
2026-09-11,SZ300140,环保
2026-09-11,SH601698,国防军工
2026-09-11,SZ002076,家用电器
2026-09-11,SH688636,国防军工
2026-09-11,SZ300345,电力设备
2026-09-11,SH600081,汽车
2026-09-11,BJ920735,医药生物
2026-09-11,SZ300317,公用事业
2026-09-11,SZ002988,有色金属
2026-09-11,SH605318,建筑材料
2026-09-11,SZ300363,医药生物
2026-09-11,SZ300703,轻工制造
2026-09-11,SZ301508,社会服务
2026-09-11,BJ920238,机械设备
2026-09-11,BJ920717,机械设备
2026-09-11,SH688538,电子
2026-09-11,SZ301167,建筑装饰
2026-09-11,SH600869,电力设备
2026-09-11,BJ920167,电力设备
2026-09-11,SH603409,汽车
2026-09-11,SH600582,机械设备
2026-09-11,SZ301297,电子
2026-09-11,BJ920278,医药生物
2026-09-11,SZ000158,计算机
2026-09-11,BJ920136,汽车
2026-09-11,SZ300125,公用事业
2026-09-11,SZ002873,医药生物
2026-09-11,SH603882,医药生物
2026-09-11,SZ301016,机械设备
2026-09-11,SZ002787,轻工制造
2026-09-11,SZ301327,电力设备
2026-09-11,SH600692,房地产
2026-09-11,SH605056,机械设备
2026-09-11,SZ301360,机械设备
2026-09-11,SZ300383,通信
2026-09-11,SZ000546,环保
2026-09-11,SZ300204,医药生物
2026-09-11,SZ300629,国防军工
2026-09-11,SZ300676,医药生物
2026-09-11,SZ301697,电力设备
2026-09-11,SH603177,环保
2026-09-11,SZ300536,计算机
2026-09-11,SZ000818,基础化工
2026-09-11,SZ002594,汽车
2026-09-11,SH603211,汽车
2026-09-11,SH688392,电力设备
2026-09-11,SH688433,机械设备
2026-09-11,SH600764,国防军工
2026-09-11,SH600206,电子
2026-09-11,SZ002819,机械设备
2026-09-11,SZ300110,医药生物
2026-09-11,SZ002561,商贸零售
2026-09-11,SZ300621,建筑装饰
